0,1,2,3,4,5,6,7,8,9,10,11,12,13,14,15,16
CODIGO,DISTRITO,DEPARTAMENTO,MUNICIPIO,ESTABLECIMIENTO,DIRECCION,TELEFONO,SUPERVISOR,DIRECTOR,NIVEL,SECTOR,AREA,STATUS,MODALIDAD,JORNADA,PLAN,DEPARTAMENTAL
08-01-0041-42,08-01-0395,TOTONICAPAN,TOTONICAPAN,EODP CELIA DALILA DE LEON JM,9A AVE. Y 1A CALLE ZONA 2,77664089,MIGUEL AJPOP VASQUEZ,ROSA JANETH GUZMÁN FLORES,PARVULOS,OFICIAL,URBANA,ABIERTA,MONOLINGUE,MATUTINA,DIARIO(REGULAR),TOTONICAPÁN
08-01-0042-42,08-01-0395,TOTONICAPAN,TOTONICAPAN,"COLEGIO MIXTO PARTICULAR ""JUAN FRANKLIN""","3A. CALLE 12-08, ZONA 2",77661920,MIGUEL AJPOP VASQUEZ,FABIOLA CATARINA AGUILAR GARCÍA,PARVULOS,PRIVADO,URBANA,ABIERTA,MONOLINGUE,MATUTINA,DIARIO(REGULAR),TOTONICAPÁN
08-01-0043-42,,TOTONICAPAN,TOTONICAPAN,EPDP ANEXA A COLEGIO 'JUAN FRANKLIN',ALDEA NIMASAC,,,,PARVULOS,PRIVADO,RURAL,CERRADA DEFINITIVAMENTE,MONOLINGUE,MATUTINA,DIARIO(REGULAR),TOTONICAPÁN
08-01-0048-42,08-01-0395,TOTONICAPAN,TOTONICAPAN,COLEGIO PEDRO DE BETHANCOURT,4A. AVENIDA Y 3A. CALLE ZONA 1,77661118,MIGUEL AJPOP VASQUEZ,JOHANNA CRISTINA RÍOS RIVAS,PARVULOS,PRIVADO,URBANA,ABIERTA,MONOLINGUE,MATUTINA,DIARIO(REGULAR),TOTONICAPÁN
08-01-0069-42,,TOTONICAPAN,TOTONICAPAN,EODP ANEXO ESCUELA 'HECTOR NUILA ARREAGA',CASERIO TZAMATZAM ALDEA VASQUEZ,,,,PARVULOS,OFICIAL,RURAL,CERRADA TEMPORALMENTE,MONOLINGUE,MATUTINA,DIARIO(REGULAR),TOTONICAPÁN
08-01-0070-42,08-01-0391,TOTONICAPAN,TOTONICAPAN,EODP ANEXA A EORM,CANTON PAXTOCA,41853914,MARCOS MIGUEL YAX GARCÍA,ROSA ANA TZUL BATZ,PARVULOS,OFICIAL,RURAL,ABIERTA,MONOLINGUE,MATUTINA,DIARIO(REGULAR),TOTONICAPÁN
08-01-0078-42,08-01-0391,TOTONICAPAN,TOTONICAPAN,EODP ANEXA A EORM MAYA-QUICHE,ALDEA CHUANOJ,45362596,MARCOS MIGUEL YAX GARCÍA,HERCULANO JUAN BARRENO MENCHÚ,PARVULOS,OFICIAL,RURAL,ABIERTA,MONOLINGUE,MATUTINA,DIARIO(REGULAR),TOTONICAPÁN
08-01-0087-42,08-01-0389,TOTONICAPAN,TOTONICAPAN,EODP ANEXA A EORM ADRIAN INES CHAVEZ,CANTON XOLSACMALJA,52074021,NORMA NOEMÍ MENCHÚ TACAM DE TALÉ,GEREMÍAS GARCÍA Y GARCÍA,PARVULOS,OFICIAL,RURAL,ABIERTA,MONOLINGUE,MATUTINA,DIARIO(REGULAR),TOTONICAPÁN
08-01-0088-42,08-01-0387,TOTONICAPAN,TOTONICAPAN,EODP ANEXA A EORM TECUN UMAN,CANTON CHIYAX,57877867,JOSÉ VICTOR CHAMORRO HUITZ,LEONARDO RAFAEL YAX TAX,PARVULOS,OFICIAL,RURAL,ABIERTA,MONOLINGUE,MATUTINA,DIARIO(REGULAR),TOTONICAPÁN
08-01-0110-42,08-01-0394,TOTONICAPAN,TOTONICAPAN,EODP ANEXO A EORM,ALDEA CHIMENTE,45940500,HEBERTO WOTZBELÍ PALACIOS JUC,NICOLÁS FEDERICO ROBLES TZOC,PARVULOS,OFICIAL,RURAL,ABIERTA,MONOLINGUE,VESPERTINA,DIARIO(REGULAR),TOTONICAPÁN
08-01-0112-42,08-01-0396,TOTONICAPAN,TOTONICAPAN,"CENTRO DE ESTUDIOS Y EDUCACIÓN INTEGRAL ""CEEI""",3A. AVENIDA B-24 ZONA 1,31678056,JOSÉ MANUEL CASTRO GUTIÉRREZ,ALFREDO DOMINGO AJTÚN CANASTUJ,PARVULOS,PRIVADO,URBANA,ABIERTA,MONOLINGUE,MATUTINA,DIARIO(REGULAR),TOTONICAPÁN
08-01-0117-42,08-01-0392,TOTONICAPAN,TOTONICAPAN,EODP ANEXA A EORM,CASERIO CHAQUIRAL ALDEA VASQUEZ,46872149,ANGEL RAFAEL CASTRO SAPÓN,JUAN ELIAS PUAC VÁSQUEZ,PARVULOS,OFICIAL,RURAL,ABIERTA,MONOLINGUE,MATUTINA,DIARIO(REGULAR),TOTONICAPÁN
08-01-0118-42,08-01-0393,TOTONICAPAN,TOTONICAPAN,EODP ANEXA EORM,CASERIO CHI-PEREZ ALDEA BARRANECHE,59956298,ROBERTO APARICIO RECINOS VALDEZ,EDGAR SAMUEL GARCÍA TZUNÚN,PARVULOS,OFICIAL,RURAL,ABIERTA,MONOLINGUE,MATUTINA,DIARIO(REGULAR),TOTONICAPÁN
08-01-0119-42,08-01-0388,TOTONICAPAN,TOTONICAPAN,EODP ANEXA A EORM,CASERIO XEQUIAC Y PARRACANA ALDEA NIMASAC,59277260,YESENIA CAROLINA TACÁM MORALES,GLENDA AMARILIS TZUNÚN GONZÁLEZ,PARVULOS,OFICIAL,RURAL,ABIERTA,MONOLINGUE,MATUTINA,DIARIO(REGULAR),TOTONICAPÁN
08-01-0120-42,08-01-0391,TOTONICAPAN,TOTONICAPAN,EODP ANEXA EORM,PARAJE CHI-BATZ CANTÓN PAXTOCA,57663951,MARCOS MIGUEL YAX GARCÍA,PEDRO MATEO VELÁSQUEZ VÁSQUEZ,PARVULOS,OFICIAL,RURAL,ABIERTA,MONOLINGUE,MATUTINA,DIARIO(REGULAR),TOTONICAPÁN
08-01-0121-42,08-01-0388,TOTONICAPAN,TOTONICAPAN,EODP ANEXA A EORM,"CASERIO CHUIPACHAJ 1 Y 2, ALDEA CHIPUAC",54347735,YESENIA CAROLINA TACÁM MORALES,CECILIA ELIZABETH MENCHÚ VÁSQUEZ,PARVULOS,OFICIAL,RURAL,ABIERTA,MONOLINGUE,MATUTINA,DIARIO(REGULAR),TOTONICAPÁN
08-01-0122-42,08-01-0394,TOTONICAPAN,TOTONICAPAN,EODP ANEXA EORM,PARAJE COXOM ALDEA CHIMENTE,50404530,HEBERTO WOTZBELÍ PALACIOS JUC,LAUREANO ANTONIO VÁSQUEZ TAX,PARVULOS,OFICIAL,RURAL,ABIERTA,MONOLINGUE,MATUTINA,DIARIO(REGULAR),TOTONICAPÁN
08-01-0123-42,08-01-0392,TOTONICAPAN,TOTONICAPAN,EODP ANEXA EORM,PARAJE PALEMOP CANTON XANTUN,41622361,ANGEL RAFAEL CASTRO SAPÓN,HÉCTOR GEOVANY PUÁC ZAPETA,PARVULOS,OFICIAL,RURAL,ABIERTA,MONOLINGUE,MATUTINA,DIARIO(REGULAR),TOTONICAPÁN
08-01-0124-42,08-01-0396,TOTONICAPAN,TOTONICAPAN,EODP ANEXA EORM,ZONA 1 PARAJES CHONINAMABAJ Y UBEQUIEJ,49452448,JOSÉ MANUEL CASTRO GUTIÉRREZ,MIGUEL AGUSTÍN CHUC YAX,PARVULOS,OFICIAL,RURAL,ABIERTA,MONOLINGUE,MATUTINA,DIARIO(REGULAR),TOTONICAPÁN
08-01-0125-42,08-01-0394,TOTONICAPAN,TOTONICAPAN,EODP ANEXA EORM,"PARAJES CHUICAJA,XECAJA Y PAPUERTA ALDEA TZANIXNAM",32690573,HEBERTO WOTZBELÍ PALACIOS JUC,CÉSAR AUGUSTO BULUX GARCÍA,PARVULOS,OFICIAL,RURAL,ABIERTA,MONOLINGUE,MATUTINA,DIARIO(REGULAR),TOTONICAPÁN
08-01-0133-42,08-01-0396,TOTONICAPAN,TOTONICAPAN,EODP ANEXA EORM,PARAJE PATZITE FINAL DE LA ZONA 1 PALIN,49442864,JOSÉ MANUEL CASTRO GUTIÉRREZ,MIGUEL FILIBERTO GUTIERREZ CUA,PARVULOS,OFICIAL,RURAL,ABIERTA,MONOLINGUE,MATUTINA,DIARIO(REGULAR),TOTONICAPÁN
08-01-0134-42,08-01-0394,TOTONICAPAN,TOTONICAPAN,EODP ANEXA EORM,PARAJE PAIMUT CANTON TZANIXNAM,57624800,HEBERTO WOTZBELÍ PALACIOS JUC,BYRON EDUARDO MARROQUÍN CHANCHAVAC,PARVULOS,OFICIAL,RURAL,ABIERTA,MONOLINGUE,MATUTINA,DIARIO(REGULAR),TOTONICAPÁN
08-01-0135-42,08-01-0392,TOTONICAPAN,TOTONICAPAN,EODP ANEXA A EORM,CASERIO TZANSIGUAN ALDEA VASQUEZ,44237833,ANGEL RAFAEL CASTRO SAPÓN,GILDA JUANA VÁSQUEZ VÁSQUEZ DE VÁSQUEZ,PARVULOS,OFICIAL,RURAL,ABIERTA,MONOLINGUE,MATUTINA,DIARIO(REGULAR),TOTONICAPÁN
08-01-0136-42,08-01-0394,TOTONICAPAN,TOTONICAPAN,EODP ANEXA EORM,PARAJE PATZIJTZIC SAN DIEGO ALDEA TZANIXNAM,59192457,HEBERTO WOTZBELÍ PALACIOS JUC,ANDRÉS DAVID MENDOZA TOHOM,PARVULOS,OFICIAL,RURAL,ABIERTA,MONOLINGUE,MATUTINA,DIARIO(REGULAR),TOTONICAPÁN
08-01-0137-42,08-01-0394,TOTONICAPAN,TOTONICAPAN,EODP ANEXA EORM,CASERIO CHITAX CANTON TZANIXNAM,57868863,HEBERTO WOTZBELÍ PALACIOS JUC,CÉSAR AMILCAR YAX AGUILAR,PARVULOS,OFICIAL,RURAL,ABIERTA,MONOLINGUE,MATUTINA,DIARIO(REGULAR),TOTONICAPÁN
08-01-0138-42,08-01-0396,TOTONICAPAN,TOTONICAPAN,EODP ANEXA EORM,PARAJE CHUIJOX CANTON PACHOC,55741444,JOSÉ MANUEL CASTRO GUTIÉRREZ,CAROLINA PASCUALA TAX TZÓC,PARVULOS,OFICIAL,RURAL,ABIERTA,MONOLINGUE,MATUTINA,DIARIO(REGULAR),TOTONICAPÁN
08-01-0139-42,08-01-0389,TOTONICAPAN,TOTONICAPAN,EODP ANEXA A EORM,PARAJE PACOC-SIGUAN CANTON POXLAJUJ,40671410,NORMA NOEMÍ MENCHÚ TACAM DE TALÉ,JOSÉ FRANCISCO AGUILAR NORATO,PARVULOS,OFICIAL,RURAL,ABIERTA,MONOLINGUE,MATUTINA,DIARIO(REGULAR),TOTONICAPÁN
08-01-0178-42,08-01-0391,TOTONICAPAN,TOTONICAPAN,"EODP ANEXA A EORM ""JESUS CARRANZA JUAREZ""",CANTON CHUISUC CANTON CHUISUC,51503974,MARCOS MIGUEL YAX GARCÍA,SERGIO OTTONIEL AMÉZQUITA RIVAS,PARVULOS,OFICIAL,RURAL,ABIERTA,MONOLINGUE,MATUTINA,DIARIO(REGULAR),TOTONICAPÁN
08-01-0187-42,08-006,TOTONICAPAN,TOTONICAPAN,EODP ANEXA A EORM,ALDEA CHIMENTE,,JOSÉ MANUEL CASTRO GUTIÉRREZ,---,PARVULOS,OFICIAL,RURAL,CERRADA TEMPORALMENTE,MONOLINGUE,MATUTINA,DIARIO(REGULAR),TOTONICAPÁN
08-01-0189-42,08-008,TOTONICAPAN,TOTONICAPAN,EODP ANEXA A EORM,PARAJE PARRACANTACAJ,,----------------------- ----------------------------,--,PARVULOS,OFICIAL,RURAL,CERRADA DEFINITIVAMENTE,MONOLINGUE,MATUTINA,DIARIO(REGULAR),TOTONICAPÁN
08-01-0196-42,08-01-0396,TOTONICAPAN,TOTONICAPAN,"COLEGIO PRIVADO MIXTO ""LA FAMILIA""","1A. AVENIDA, CALLE A-38 ZONA 1",52165976,JOSÉ MANUEL CASTRO GUTIÉRREZ,CARLOS GUILLERMO LÓPEZ CAAL,PARVULOS,PRIVADO,URBANA,ABIERTA,MONOLINGUE,MATUTINA,DIARIO(REGULAR),TOTONICAPÁN
08-01-0199-42,08-001,TOTONICAPAN,TOTONICAPAN,ESCUEA OFICIAL DE PARVULOS DE EDUCACION ESPECIAL,9A. AVENIDA Y 6A. CALLE ESQUINA ZONA 3,77663938,MIGUEL AJPOP VÁSQUEZ,DORA ENOÉ BARRIOS PAZ,PARVULOS,OFICIAL,URBANA,CERRADA TEMPORALMENTE,MONOLINGUE,VESPERTINA,DIARIO(REGULAR),TOTONICAPÁN
08-01-0202-42,08-01-0388,TOTONICAPAN,TOTONICAPAN,EODP ANEXA A EORM,ALDEA CHIPUAC,57497313,YESENIA CAROLINA TACÁM MORALES,ROSA ELENA DE LEÓN DE LEÓN,PARVULOS,OFICIAL,RURAL,ABIERTA,MONOLINGUE,MATUTINA,DIARIO(REGULAR),TOTONICAPÁN
08-01-0204-42,08-01-0395,TOTONICAPAN,TOTONICAPAN,EODP DE LA ZONA INDEPENDENCIA,FINAL DE LA ZONA 2,42631210,MIGUEL AJPOP VASQUEZ,ZAIRA PAOLA DE LEÓN SAPÓN DE ZEPEDA,PARVULOS,OFICIAL,URBANA,ABIERTA,MONOLINGUE,MATUTINA,DIARIO(REGULAR),TOTONICAPÁN
08-01-0230-42,08-01-0388,TOTONICAPAN,TOTONICAPAN,EODP ANEXA A ESCUELA OFICIAL RURAL MIXTA CENTRO AMERICA,CANTÓN PASAJOC,40691534,YESENIA CAROLINA TACÁM MORALES,SANTOS VENTURA TUMAX PUÁC,PARVULOS,OFICIAL,RURAL,ABIERTA,MONOLINGUE,VESPERTINA,DIARIO(REGULAR),TOTONICAPÁN
08-01-0234-42,08-01-0392,TOTONICAPAN,TOTONICAPAN,"INSTITUTO PRIVADO ""EDUCACIÓN PARA LA VIDA""",PARAJE PUJACAR CANTÓN XANTÚN,77663942,ANGEL RAFAEL CASTRO SAPÓN,GUADALUPE LEONOR HERNÁNDEZ GARCÍA,PARVULOS,PRIVADO,RURAL,ABIERTA,MONOLINGUE,MATUTINA,DIARIO(REGULAR),TOTONICAPÁN
08-01-0260-42,08-001,TOTONICAPAN,TOTONICAPAN,"""COLEGIO PREUNIVERSITARIO JERUSALÉN""",PARAJE XENAJTAJUYUP SECTOR 2 DEL CANTÓN CHIYAX,49446541,MIGUEL AJPOP VÁSQUEZ,JOSÉ EDUARDO TACAM MENCHÚ,PARVULOS,PRIVADO,RURAL,CERRADA TEMPORALMENTE,MONOLINGUE,MATUTINA,DIARIO(REGULAR),TOTONICAPÁN
08-01-0294-42,08-01-0387,TOTONICAPAN,TOTONICAPAN,JARDIN DULCE INFANCIA EDUCANDO CON AMOR,10 AVENIDA 7-11 ZONA 3,55595984,JOSÉ VICTOR CHAMORRO HUITZ,MIRNA BEATRIZ BARRIOS RODRIGUEZ,PARVULOS,PRIVADO,URBANA,ABIERTA,MONOLINGUE,MATUTINA,DIARIO(REGULAR),TOTONICAPÁN
08-01-0325-42,08-01-0396,TOTONICAPAN,TOTONICAPAN,COLEGIO PRIVADO ASA SCHOOL,16 AVENIDA 03-21 ZONA 2,51167145,JOSÉ MANUEL CASTRO GUTIÉRREZ,MARCOS ESTUARDO MONZÓN MÉNDEZ,PARVULOS,PRIVADO,URBANA,ABIERTA,MONOLINGUE,MATUTINA,DIARIO(REGULAR),TOTONICAPÁN
08-01-0439-42,08-01-0393,TOTONICAPAN,TOTONICAPAN,EODP ANEXA A EORM,ALDEA LA CONCORDIA,49394394,ROBERTO APARICIO RECINOS VALDEZ,JOSÉ LEONARDO CUTZ BATZ,PARVULOS,OFICIAL,RURAL,ABIERTA,MONOLINGUE,MATUTINA,DIARIO(REGULAR),TOTONICAPÁN
08-01-0440-42,08-01-0395,TOTONICAPAN,TOTONICAPAN,ANEXA A COLEGIO EVANGELICO GUATEMALA,2DA. CALLE 12-35 ZONA 2.,77662045,MIGUEL AJPOP VASQUEZ,CARLOS SAMUEL TAX VELÁSQUEZ,PARVULOS,PRIVADO,URBANA,ABIERTA,MONOLINGUE,MATUTINA,DIARIO(REGULAR),TOTONICAPÁN
08-01-0441-42,08-001,TOTONICAPAN,TOTONICAPAN,EPDP ANEXA A COLEGIO 'BETHANIA',CANTON JUCHANEP,,MIGUEL AJPOP VÁSQUEZ,,PARVULOS,PRIVADO,URBANA,CERRADA TEMPORALMENTE,MONOLINGUE,MATUTINA,DIARIO(REGULAR),TOTONICAPÁN
08-01-0484-42,08-01-0389,TOTONICAPAN,TOTONICAPAN,COLEGIO ADVENTISTA MARANATHA,4TA. CALLE 0-10 FINAL ZONA 2,77661520,NORMA NOEMÍ MENCHÚ TACAM DE TALÉ,PATROCINIO ABELINO TZUL BARRENO,PARVULOS,PRIVADO,RURAL,ABIERTA,MONOLINGUE,MATUTINA,DIARIO(REGULAR),TOTONICAPÁN
08-01-0485-42,08-01-0390,TOTONICAPAN,TOTONICAPAN,EODP ANEXA A EORM MANUEL GARCIA ELGUETA,CANTON CHOTACAJ,77664033,FRANCISCO RECINO XALIX SAY,LUCÍA FRANCISCA PU TZIC,PARVULOS,OFICIAL,RURAL,ABIERTA,MONOLINGUE,MATUTINA,DIARIO(REGULAR),TOTONICAPÁN
08-01-0501-42,08-01-0392,TOTONICAPAN,TOTONICAPAN,EODP ANEXA A EORM HECTOR NUILA ARREAGA,ALDEA VASQUEZ,57097748,ANGEL RAFAEL CASTRO SAPÓN,BONIFACIO PONCIANO TZUL AJPACAJÁ,PARVULOS,OFICIAL,RURAL,ABIERTA,MONOLINGUE,MATUTINA,DIARIO(REGULAR),TOTONICAPÁN
08-01-0510-42,,TOTONICAPAN,TOTONICAPAN,ESCUELA PRIVADA DE EDUCACION PARVULARIA ANEXA A COLEGIO 'JUANFRANKLIN',ALDEA VASQUEZ,,,,PARVULOS,PRIVADO,RURAL,CERRADA DEFINITIVAMENTE,MONOLINGUE,MATUTINA,DIARIO(REGULAR),TOTONICAPÁN
08-01-0577-42,08-001,TOTONICAPAN,TOTONICAPAN,EODP LA LIBERTAD,ALDEA VASQUEZ,,MIGUEL AJPOP VÁSQUEZ,,PARVULOS,OFICIAL,URBANA,CERRADA TEMPORALMENTE,MONOLINGUE,VESPERTINA,DIARIO(REGULAR),TOTONICAPÁN
08-01-1337-42,08-01-0392,TOTONICAPAN,TOTONICAPAN,EODP ANEXA A EORM,CANTON QUIACQUIX,45160736,ANGEL RAFAEL CASTRO SAPÓN,EDILMA RAMONA TZUL TZUL,PARVULOS,OFICIAL,RURAL,ABIERTA,MONOLINGUE,VESPERTINA,DIARIO(REGULAR),TOTONICAPÁN
08-01-1338-42,08-01-0388,TOTONICAPAN,TOTONICAPAN,EODP ANEXA A EORM,ALDEA CHIPUAC,35305700,YESENIA CAROLINA TACÁM MORALES,CARLOS FLORENCIO PÉREZ TAX,PARVULOS,OFICIAL,RURAL,ABIERTA,MONOLINGUE,VESPERTINA,DIARIO(REGULAR),TOTONICAPÁN
08-01-1339-42,08-01-0388,TOTONICAPAN,TOTONICAPAN,EODP ANEXA A EORM,ALDEA NIMASAC,55145711,YESENIA CAROLINA TACÁM MORALES,ADRIÁN ESTEBAN TAX TZIC,PARVULOS,OFICIAL,RURAL,ABIERTA,MONOLINGUE,VESPERTINA,DIARIO(REGULAR),TOTONICAPÁN
08-01-1659-42,,TOTONICAPAN,TOTONICAPAN,EODP,CANTON JUCHANEP,,,,PARVULOS,OFICIAL,RURAL,CERRADA TEMPORALMENTE,MONOLINGUE,MATUTINA,DIARIO(REGULAR),TOTONICAPÁN
08-01-1719-42,08-01-0393,TOTONICAPAN,TOTONICAPAN,EODP ANEXA A EORM DR. MARIANO GALVEZ,ALDEA BARRANECHE,31936214,ROBERTO APARICIO RECINOS VALDEZ,ANGELA MÉRIDA CASIÁ GARCÍA,PARVULOS,OFICIAL,RURAL,ABIERTA,MONOLINGUE,VESPERTINA,DIARIO(REGULAR),TOTONICAPÁN
08-01-1763-42,,TOTONICAPAN,TOTONICAPAN,EODP ANEXA A EORM,ALDEA NIMASAC,,,,PARVULOS,OFICIAL,RURAL,CERRADA TEMPORALMENTE,MONOLINGUE,VESPERTINA,DIARIO(REGULAR),TOTONICAPÁN
08-01-1764-42,,TOTONICAPAN,TOTONICAPAN,EODP ANEXA A EORM,CANTON CHOTACAJ,,,,PARVULOS,OFICIAL,RURAL,CERRADA TEMPORALMENTE,MONOLINGUE,VESPERTINA,DIARIO(REGULAR),TOTONICAPÁN
08-01-1766-42,,TOTONICAPAN,TOTONICAPAN,EODP ANEXA A EORM,CANTON CHUATROJ,,,,PARVULOS,OFICIAL,RURAL,CERRADA DEFINITIVAMENTE,MONOLINGUE,MATUTINA,DIARIO(REGULAR),TOTONICAPÁN
08-01-1767-42,08-01-0390,TOTONICAPAN,TOTONICAPAN,EODP ANEXA A EORM,CANTON JUCHANEP,30632950,FRANCISCO RECINO XALIX SAY,JOSÉ BULUX TZUL,PARVULOS,OFICIAL,RURAL,ABIERTA,MONOLINGUE,MATUTINA,DIARIO(REGULAR),TOTONICAPÁN
08-01-1768-42,08-001,TOTONICAPAN,TOTONICAPAN,EODP ANEXA A EORM JUSTO RUFINO BARRIOS,CANTON COXOM,,MIGUEL AJPOP VÁSQUEZ,,PARVULOS,OFICIAL,RURAL,CERRADA TEMPORALMENTE,MONOLINGUE,MATUTINA,DIARIO(REGULAR),TOTONICAPÁN
08-01-1769-42,08-01-0389,TOTONICAPAN,TOTONICAPAN,EODP ANEXA A EORM RAFAEL ALVAREZ OVALLE,ALDEA CHUCULJUYUP,58881047,NORMA NOEMÍ MENCHÚ TACAM DE TALÉ,JOSÉ PEDRO GARCIA LACÁN,PARVULOS,OFICIAL,RURAL,ABIERTA,MONOLINGUE,MATUTINA,DIARIO(REGULAR),TOTONICAPÁN
08-01-1815-42,08-01-0395,TOTONICAPAN,TOTONICAPAN,"EODP ZONA 1 ""ARÉVALO BARRIOS""",4A AVENIDA 3-25 ZONA 1 TOTONICAPÁN,53227899,MIGUEL AJPOP VASQUEZ,GABIANA CARLOTA VÁSQUEZ VÁSQUEZ,PARVULOS,OFICIAL,URBANA,ABIERTA,MONOLINGUE,MATUTINA,DIARIO(REGULAR),TOTONICAPÁN
08-01-1819-42,08-01-0391,TOTONICAPAN,TOTONICAPAN,EODP ANEXA EORM,"PARAJE PORTAZUELA, CANTÓN PAXTOCA",49503918,MARCOS MIGUEL YAX GARCÍA,ROSA SEBASTIANA TZUL TAX,PARVULOS,OFICIAL,RURAL,ABIERTA,MONOLINGUE,MATUTINA,DIARIO(REGULAR),TOTONICAPÁN
08-01-1820-42,08-01-0387,TOTONICAPAN,TOTONICAPAN,EODP ANEXA A EORM,CANTON CHUIXCHIMAL,40149024,JOSÉ VICTOR CHAMORRO HUITZ,IRIS ARACELY DE LEÓN ROMERO,PARVULOS,OFICIAL,RURAL,ABIERTA,MONOLINGUE,MATUTINA,DIARIO(REGULAR),TOTONICAPÁN
08-01-1821-42,08-01-0387,TOTONICAPAN,TOTONICAPAN,EODP,4A. CALLE 6AV. ZONA 4,,JOSÉ VICTOR CHAMORRO HUITZ,DAISY CLARISSA TZUL RODRÍGUEZ,PARVULOS,OFICIAL,URBANA,ABIERTA,MONOLINGUE,MATUTINA,DIARIO(REGULAR),TOTONICAPÁN
08-01-1893-42,,TOTONICAPAN,TOTONICAPAN,EODP,PARAJE 3 CORONAS,,,,PARVULOS,OFICIAL,RURAL,CERRADA TEMPORALMENTE,MONOLINGUE,MATUTINA,DIARIO(REGULAR),TOTONICAPÁN
08-01-1902-42,,TOTONICAPAN,TOTONICAPAN,EODP TIPO FEDERACION,,,,,PARVULOS,OFICIAL,URBANA,CERRADA DEFINITIVAMENTE,MONOLINGUE,VESPERTINA,DIARIO(REGULAR),TOTONICAPÁN
08-01-2018-42,26-037,TOTONICAPAN,TOTONICAPAN,EDAC -PRONADE- ANEXA,CASERIO CHAQUIRAL ALDEA VASQUEZ,,PROYECTO FUNDAP,,PARVULOS,OFICIAL,RURAL,CERRADA DEFINITIVAMENTE,MONOLINGUE,MATUTINA,DIARIO(REGULAR),TOTONICAPÁN
08-01-2019-42,26-037,TOTONICAPAN,TOTONICAPAN,EDAC -PRONADE-ANEXA,CASERIO CHI-PEREZ ALDEA BARRANECHE,,PROYECTO FUNDAP,,PARVULOS,OFICIAL,RURAL,CERRADA DEFINITIVAMENTE,MONOLINGUE,MATUTINA,DIARIO(REGULAR),TOTONICAPÁN
08-01-2020-42,26-037,TOTONICAPAN,TOTONICAPAN,EDAC -PRONADE- ANEXA,CASERIO XEQUIAC Y PARRACANA ALDEA NIMASAC,,PROYECTO FUNDAP,,PARVULOS,OFICIAL,RURAL,CERRADA DEFINITIVAMENTE,MONOLINGUE,MATUTINA,DIARIO(REGULAR),TOTONICAPÁN
08-01-2021-42,26-037,TOTONICAPAN,TOTONICAPAN,EDAC -PRONADE- ANEXA,PARAJE CHI-BATZ CANTON PAXTOCA,,PROYECTO FUNDAP,,PARVULOS,OFICIAL,RURAL,CERRADA DEFINITIVAMENTE,MONOLINGUE,MATUTINA,DIARIO(REGULAR),TOTONICAPÁN
08-01-2022-42,26-037,TOTONICAPAN,TOTONICAPAN,EDAC -PRONADE- ANEXA,PARAJE CHIPACHAJ CANTON CHIPUAC,,PROYECTO FUNDAP,,PARVULOS,OFICIAL,RURAL,CERRADA DEFINITIVAMENTE,MONOLINGUE,MATUTINA,DIARIO(REGULAR),TOTONICAPÁN
08-01-2023-42,26-040,TOTONICAPAN,TOTONICAPAN,EDAC -PRONADE- ANEXA,PARAJE COXOM ALDEA CHIMENTE,,PROYECTO PRODI,,PARVULOS,OFICIAL,RURAL,CERRADA DEFINITIVAMENTE,MONOLINGUE,MATUTINA,DIARIO(REGULAR),TOTONICAPÁN
08-01-2024-42,26-037,TOTONICAPAN,TOTONICAPAN,EDAC -PRONADE- ANEXA,PARAJE PALEMOP CANTON XANTUN,,PROYECTO FUNDAP,,PARVULOS,OFICIAL,RURAL,CERRADA DEFINITIVAMENTE,MONOLINGUE,MATUTINA,DIARIO(REGULAR),TOTONICAPÁN
08-01-2025-42,26-037,TOTONICAPAN,TOTONICAPAN,EDAC -PRONADE- ANEXA,ZONA 1 PARAJES CHONINAMABAJ Y UBEQUIEJ,,PROYECTO FUNDAP,,PARVULOS,OFICIAL,RURAL,CERRADA DEFINITIVAMENTE,MONOLINGUE,MATUTINA,DIARIO(REGULAR),TOTONICAPÁN
08-01-2026-42,26-040,TOTONICAPAN,TOTONICAPAN,EDAC -PRONADE- ANEXA,"PARAJES CHUICAJA,XECAJA Y PAPUERTA ALDEA TZANIXNAM",,PROYECTO PRODI,,PARVULOS,OFICIAL,RURAL,CERRADA DEFINITIVAMENTE,MONOLINGUE,MATUTINA,DIARIO(REGULAR),TOTONICAPÁN
08-01-2030-42,,TOTONICAPAN,TOTONICAPAN,COLEGIO CRISTIANO LA BENDICION,COLONIA LA BENIDICION,77661234,,,PARVULOS,PRIVADO,URBANA,CERRADA DEFINITIVAMENTE,MONOLINGUE,MATUTINA,DIARIO(REGULAR),TOTONICAPÁN
08-01-2032-42,08-01-0389,TOTONICAPAN,TOTONICAPAN,COLEGIO CRISTIANO LA BENDICION,COLONIA LA BENDICION,51694592,NORMA NOEMÍ MENCHÚ TACAM DE TALÉ,WENDA ARELY RUIZ MORALES,PARVULOS,PRIVADO,URBANA,ABIERTA,MONOLINGUE,MATUTINA,DIARIO(REGULAR),TOTONICAPÁN
08-01-2034-42,08-024,TOTONICAPAN,TOTONICAPAN,COLEGIO CRISTIANO BILINGUE SHALOM,6A.AV. 6-15 ZONA 4,53945933,MIGUEL AJPOP VASQUEZ,,PARVULOS,PRIVADO,URBANA,CERRADA DEFINITIVAMENTE,MONOLINGUE,MATUTINA,DIARIO(REGULAR),TOTONICAPÁN
08-01-2088-42,08-024,TOTONICAPAN,TOTONICAPAN,COLEGIO DULCE INFANCIA,10AV. 7-11 ZONA 3 TOTONICAPAN,55595984,MIGUEL AJPOP VASQUEZ,MIRNA BEATRIZ BARRIOS RODRIGUEZ,PARVULOS,PRIVADO,URBANA,CERRADA TEMPORALMENTE,MONOLINGUE,MATUTINA,DIARIO(REGULAR),TOTONICAPÁN
08-01-2091-42,08-01-0390,TOTONICAPAN,TOTONICAPAN,CEIN -PAIN-,ALDEA NIMAPA,49151269,FRANCISCO RECINO XALIX SAY,LUZ PATRICIA TAX GARCÍA,PARVULOS,OFICIAL,RURAL,ABIERTA,MONOLINGUE,MATUTINA,DIARIO(REGULAR),TOTONICAPÁN
08-01-2169-42,,TOTONICAPAN,TOTONICAPAN,CEES ANEXO A EODP CELIA DALILA DE LEON,1A. CALLE Y 9A. AVE. ZONA 2,,,,PARVULOS,OFICIAL,URBANA,CERRADA TEMPORALMENTE,MONOLINGUE,MATUTINA,DIARIO(REGULAR),TOTONICAPÁN
08-01-2173-42,08-001,TOTONICAPAN,TOTONICAPAN,EODP ANEXA A EORM,CANTON CHUIXTOCA,,MIGUEL AJPOP VÁSQUEZ,,PARVULOS,OFICIAL,RURAL,CERRADA TEMPORALMENTE,MONOLINGUE,MATUTINA,DIARIO(REGULAR),TOTONICAPÁN
08-01-2185-42,08-01-0387,TOTONICAPAN,TOTONICAPAN,EODP,"CHUXOLJUYUP SECTOR 2, CANTON CHUIXCHIMAL",33647287,JOSÉ VICTOR CHAMORRO HUITZ,ANGÉLICA ROSARIO PÉREZ NORATO,PARVULOS,OFICIAL,URBANA,ABIERTA,MONOLINGUE,DOBLE,DIARIO(REGULAR),TOTONICAPÁN
08-01-2213-42,26-037,TOTONICAPAN,TOTONICAPAN,EDAC -PRONADE- ANEXA,PARAJE CHUISACMALJA CANTON XOLSACMALJA,,PROYECTO FUNDAP,,PARVULOS,OFICIAL,RURAL,CERRADA DEFINITIVAMENTE,MONOLINGUE,MATUTINA,DIARIO(REGULAR),TOTONICAPÁN
08-01-2215-42,08-01-0393,TOTONICAPAN,TOTONICAPAN,EODP ANEXA A EORM DR. MARIANO GALVEZ,ALDEA BARRANECHE,32075177,ROBERTO APARICIO RECINOS VALDEZ,JULIO SANTOS TAX CANASTUJ,PARVULOS,OFICIAL,RURAL,ABIERTA,MONOLINGUE,MATUTINA,DIARIO(REGULAR),TOTONICAPÁN
08-01-2225-42,08-01-0388,TOTONICAPAN,TOTONICAPAN,EODP ANEXA A EORM CENTRO AMERICA,CANTON PASAJOC,49388950,YESENIA CAROLINA TACÁM MORALES,LUZ ARGENTINA JUÁREZ ORDÓÑEZ,PARVULOS,OFICIAL,RURAL,ABIERTA,MONOLINGUE,MATUTINA,DIARIO(REGULAR),TOTONICAPÁN
08-01-2248-42,08-01-0387,TOTONICAPAN,TOTONICAPAN,EODP ANEXA A EORM TECUN UMAN,CANTON CHIYAX,30467466,JOSÉ VICTOR CHAMORRO HUITZ,NOÉ ELISEO CITALÁN BARRENO,PARVULOS,OFICIAL,RURAL,ABIERTA,MONOLINGUE,VESPERTINA,DIARIO(REGULAR),TOTONICAPÁN
08-01-2264-42,08-01-0389,TOTONICAPAN,TOTONICAPAN,EODP ANEXA A EORM JOSE CRUZ PACHECO TAHAY,CANTON CHUICRUZ,43016571,NORMA NOEMÍ MENCHÚ TACAM DE TALÉ,HÉCTOR BENJAMÍN GARCÍA TÍU,PARVULOS,OFICIAL,RURAL,ABIERTA,MONOLINGUE,MATUTINA,DIARIO(REGULAR),TOTONICAPÁN
08-01-2310-42,08-01-0393,TOTONICAPAN,TOTONICAPAN,EODP,ALDEA LA CONCORDIA,45458976,ROBERTO APARICIO RECINOS VALDEZ,EVELYN YEIMY GARCÍA VÁSQUEZ,PARVULOS,OFICIAL,URBANA,ABIERTA,MONOLINGUE,DOBLE,DIARIO(REGULAR),TOTONICAPÁN
08-01-2311-42,08-01-0393,TOTONICAPAN,TOTONICAPAN,EODP,ALDEA BARRANECHE,50320702,ROBERTO APARICIO RECINOS VALDEZ,LESLI DALILA VÁSQUEZ OCHOA,PARVULOS,OFICIAL,URBANA,ABIERTA,MONOLINGUE,DOBLE,DIARIO(REGULAR),TOTONICAPÁN
08-01-2319-42,26-037,TOTONICAPAN,TOTONICAPAN,EDAC -PRONADE- ANEXA,CASERIO TZANSIGUAN ALDEA VASQUEZ,,PROYECTO FUNDAP,,PARVULOS,OFICIAL,RURAL,CERRADA DEFINITIVAMENTE,MONOLINGUE,MATUTINA,DIARIO(REGULAR),TOTONICAPÁN
08-01-2321-42,26-040,TOTONICAPAN,TOTONICAPAN,EDAC -PRONADE- ANEXA,PARAJE PAIMUT CANTON TZANIXNAM,,PROYECTO PRODI,,PARVULOS,OFICIAL,RURAL,CERRADA DEFINITIVAMENTE,MONOLINGUE,MATUTINA,DIARIO(REGULAR),TOTONICAPÁN
08-01-2326-42,26-070,TOTONICAPAN,TOTONICAPAN,EDAC -PRONADE- ANEXA,PARAJE CHI GARCIA CANTON PACHOC,,PROYECTO MOCASA,,PARVULOS,OFICIAL,RURAL,CERRADA DEFINITIVAMENTE,MONOLINGUE,MATUTINA,DIARIO(REGULAR),TOTONICAPÁN
08-01-2327-42,26-070,TOTONICAPAN,TOTONICAPAN,EDAC -PRONADE- ANEXA,PARAJE PATZITE FINAL DE LA ZONA 1 PALIN,,PROYECTO MOCASA,,PARVULOS,OFICIAL,RURAL,CERRADA DEFINITIVAMENTE,MONOLINGUE,MATUTINA,DIARIO(REGULAR),TOTONICAPÁN
08-01-2354-42,26-037,TOTONICAPAN,TOTONICAPAN,EDAC -PRONADE- ANEXA,PARAJE PATZIJTZIC SAN DIEGO ALDEA TZANIXNAM,,PROYECTO FUNDAP,,PARVULOS,OFICIAL,RURAL,CERRADA DEFINITIVAMENTE,MONOLINGUE,MATUTINA,DIARIO(REGULAR),TOTONICAPÁN
08-01-2376-42,08-001,TOTONICAPAN,TOTONICAPAN,COLEGIO PRIVADO 'RENACIMIENTO',CANTON PAXTOCA PARAJE XECOXOM,55152580,MIGUEL AJPOP VÁSQUEZ,,PARVULOS,PRIVADO,RURAL,CERRADA DEFINITIVAMENTE,MONOLINGUE,MATUTINA,DIARIO(REGULAR),TOTONICAPÁN
08-01-2380-42,08-01-0388,TOTONICAPAN,TOTONICAPAN,EODP ANEXA A EORM,ALDEA NIMASAC,46736979,YESENIA CAROLINA TACÁM MORALES,LUIS GARCÍA TÍU,PARVULOS,OFICIAL,RURAL,ABIERTA,MONOLINGUE,MATUTINA,DIARIO(REGULAR),TOTONICAPÁN
08-01-2381-42,08-01-0391,TOTONICAPAN,TOTONICAPAN,EODP ANEXA A EORM JUSTO RUFINO BARRIOS,PARAJE COXOM CANTON PATZARAJMAC,58012008,MARCOS MIGUEL YAX GARCÍA,GREGORIO MELCHOR TZUNÚN GUTIERREZ,PARVULOS,OFICIAL,RURAL,ABIERTA,MONOLINGUE,VESPERTINA,DIARIO(REGULAR),TOTONICAPÁN
08-01-2394-42,26-037,TOTONICAPAN,TOTONICAPAN,EDAC -PRONADE- ANEXA,CASERIO CHITAX CANTON TZANIXNAM,,PROYECTO FUNDAP,,PARVULOS,OFICIAL,RURAL,CERRADA DEFINITIVAMENTE,MONOLINGUE,MATUTINA,DIARIO(REGULAR),TOTONICAPÁN
08-01-2404-42,08-01-0395,TOTONICAPAN,TOTONICAPAN,COLEGIO PRIVADO MIXTO LA SEMILLA,11 AVENIDA 2-40 ZONA 2,77667181,MIGUEL AJPOP VASQUEZ,EMILIO FRANCISCO GARCÍA AJUCUM,PARVULOS,PRIVADO,URBANA,ABIERTA,MONOLINGUE,MATUTINA,DIARIO(REGULAR),TOTONICAPÁN
08-01-2405-42,08-01-0387,TOTONICAPAN,TOTONICAPAN,COLEGIO PRIVADO MIXTO EL SHADAI,5A. CALLE 5-00 ZONA 4,47335749,JOSÉ VICTOR CHAMORRO HUITZ,JESÚS CRISTINA LÓPEZ TZOC,PARVULOS,PRIVADO,URBANA,ABIERTA,MONOLINGUE,MATUTINA,DIARIO(REGULAR),TOTONICAPÁN
08-01-2409-42,08-004,TOTONICAPAN,TOTONICAPAN,EODP ANEXA A EORM,CANTON JUCHANEP,,FRANCISCO RECINO XALIX SAY,PAOLA JOHANA CHAVALOC SOCH,PARVULOS,OFICIAL,RURAL,CERRADA TEMPORALMENTE,MONOLINGUE,VESPERTINA,DIARIO(REGULAR),TOTONICAPÁN
08-01-2422-42,08-01-0392,TOTONICAPAN,TOTONICAPAN,EODP ANEXA A EORM HECTOR NUILA ARREAGA,ALDEA VASQUEZ,44710114,ANGEL RAFAEL CASTRO SAPÓN,EVA ISABEL GARCÍA BATZ,PARVULOS,OFICIAL,RURAL,ABIERTA,MONOLINGUE,VESPERTINA,DIARIO(REGULAR),TOTONICAPÁN
08-01-2468-42,26-037,TOTONICAPAN,TOTONICAPAN,EDAC -PRONADE- ANEXA,PARAJE CHIYAX CANTON TZANIXNAM,,PROYECTO FUNDAP,,PARVULOS,OFICIAL,RURAL,CERRADA DEFINITIVAMENTE,MONOLINGUE,MATUTINA,DIARIO(REGULAR),TOTONICAPÁN
08-01-2469-42,26-037,TOTONICAPAN,TOTONICAPAN,EDAC -PRONADE- ANEXA,PARAJE CHUIJOX CANTON PACHOC,,PROYECTO FUNDAP,,PARVULOS,OFICIAL,RURAL,CERRADA DEFINITIVAMENTE,MONOLINGUE,MATUTINA,DIARIO(REGULAR),TOTONICAPÁN
08-01-2470-42,26-037,TOTONICAPAN,TOTONICAPAN,EDAC -PRONADE- ANEXA,PARAJE PACOC-SIGUAN CANTON POXLAJUJ,,PROYECTO FUNDAP,,PARVULOS,OFICIAL,RURAL,CERRADA DEFINITIVAMENTE,MONOLINGUE,MATUTINA,DIARIO(REGULAR),TOTONICAPÁN
08-01-2523-42,08-024,TOTONICAPAN,TOTONICAPAN,COLEGIO CIENTIFICO Y TECNOLOGICO EL PEDREGAL,4A. CALLE LA PEDRERA ALDEA NIMASAC,77667252,MIGUEL AJPOP VASQUEZ,,PARVULOS,PRIVADO,RURAL,CERRADA TEMPORALMENTE,MONOLINGUE,MATUTINA,DIARIO(REGULAR),TOTONICAPÁN
08-01-2525-42,08-01-0390,TOTONICAPAN,TOTONICAPAN,COLEGIO CRISTIANO BELEN,CANTON JUCHANEP,40028291,FRANCISCO RECINO XALIX SAY,LILIANA FLORIDALMA RODRÍGUEZ ALVARADO,PARVULOS,PRIVADO,RURAL,ABIERTA,MONOLINGUE,MATUTINA,DIARIO(REGULAR),TOTONICAPÁN
08-02-0005-42,08-02-0399,TOTONICAPAN,SAN CRISTOBAL TOTONICAPAN,EODP ANEXA EORM,PARAJE CHUINIMA CANTON XESUC,33904546,FREDY AUGUSTO AJPOP GARCÍA,ALBERTA NICOLASA TZUL BATZ,PARVULOS,OFICIAL,RURAL,ABIERTA,MONOLINGUE,MATUTINA,DIARIO(REGULAR),TOTONICAPÁN
08-02-0006-42,08-02-0397,TOTONICAPAN,SAN CRISTOBAL TOTONICAPAN,EODP ANEXA EORM,CASERIO PASAC ALDEA PATACHAJ,54388736,LESBIA JOAIDA CUÁ TZUL,GENOVEVA ISABEL MORALES GARCÍA,PARVULOS,OFICIAL,RURAL,ABIERTA,MONOLINGUE,MATUTINA,DIARIO(REGULAR),TOTONICAPÁN
08-02-0007-42,08-02-0399,TOTONICAPAN,SAN CRISTOBAL TOTONICAPAN,EODP ANEXA EORM,"PARAJE EL CALVARIO, CANTON SAN RAMON",49193325,FREDY AUGUSTO AJPOP GARCÍA,RUBÉN DELFINO CUC LÓPEZ,PARVULOS,OFICIAL,RURAL,ABIERTA,MONOLINGUE,MATUTINA,DIARIO(REGULAR),TOTONICAPÁN
08-02-0008-42,08-02-0399,TOTONICAPAN,SAN CRISTOBAL TOTONICAPAN,EODP ANEXA EORM,PARAJE ORATORIO CANTON XECANCHAVOX,42841849,FREDY AUGUSTO AJPOP GARCÍA,BERY GRISSELDA TZUM SAJCHÉ,PARVULOS,OFICIAL,RURAL,ABIERTA,MONOLINGUE,MATUTINA,DIARIO(REGULAR),TOTONICAPÁN
08-02-0010-42,08-02-0399,TOTONICAPAN,SAN CRISTOBAL TOTONICAPAN,EODP ANEXA EORM,PARAJE PABELLA CANTON SAN RAMON,51909542,FREDY AUGUSTO AJPOP GARCÍA,PEDRO AGUSTÍN VÁSQUEZ GARCÍA,PARVULOS,OFICIAL,RURAL,ABIERTA,MONOLINGUE,MATUTINA,DIARIO(REGULAR),TOTONICAPÁN
08-02-0011-42,08-02-0422,TOTONICAPAN,SAN CRISTOBAL TOTONICAPAN,EODP ANEXA EORM,"PARAJE PAXQUECNIL, CANTON COXLIQUEL",42610976,ISAÍAS MANUEL ROSALES VÁSQUEZ,JUANA ANTONIA HERNANDEZ SAJCHÉ,PARVULOS,OFICIAL,RURAL,ABIERTA,MONOLINGUE,MATUTINA,DIARIO(REGULAR),TOTONICAPÁN
08-02-0029-42,08-02-0422,TOTONICAPAN,SAN CRISTOBAL TOTONICAPAN,EODP ANEXA A EORM,CANTON COXLIQUEL,56968781,ISAÍAS MANUEL ROSALES VÁSQUEZ,SILVIA LUCIANA CHÁVEZ SÓN,PARVULOS,OFICIAL,RURAL,ABIERTA,MONOLINGUE,MATUTINA,DIARIO(REGULAR),TOTONICAPÁN
08-02-0035-42,08-007,TOTONICAPAN,SAN CRISTOBAL TOTONICAPAN,ESCUELA OFICIAL DE PARVULOS DE EDUCACION ESPECIAL,BARRIO LA CIENAGA,,YESENIA CAROLINA TACAM MORALES,---,PARVULOS,OFICIAL,URBANA,CERRADA TEMPORALMENTE,MONOLINGUE,VESPERTINA,DIARIO(REGULAR),TOTONICAPÁN
08-02-0036-42,08-02-0399,TOTONICAPAN,SAN CRISTOBAL TOTONICAPAN,COLEGIO PRIVADO MIXTO FUENTE DE SABIDURIA COMEFSA,"PARAJE PABELLA, CANTON SAN RAMON",47905138,FREDY AUGUSTO AJPOP GARCÍA,NICOLASA ANABELA GARCÍA VASQUEZ,PARVULOS,PRIVADO,RURAL,CERRADA TEMPORALMENTE,MONOLINGUE,MATUTINA,DIARIO(REGULAR),TOTONICAPÁN
08-02-0041-42,08-007,TOTONICAPAN,SAN CRISTOBAL TOTONICAPAN,COLEGIO CRISTIANO DEL VALLE,1ERA. AVENIDA 9-40 ZONA 4 BARRIO SANTIAGO,77929310,YESENIA CAROLINA TACAM MORALES,ANALÍA LIMA SOTO,PARVULOS,PRIVADO,URBANA,CERRADA TEMPORALMENTE,MONOLINGUE,MATUTINA,DIARIO(REGULAR),TOTONICAPÁN
08-02-0052-42,08-02-0398,TOTONICAPAN,SAN CRISTOBAL TOTONICAPAN,EODP ESCUELA OFICIAL DE PARVULOS ANEXA A ESCUELA OFICIAL URBANA MIXTA JUAN BAUTISTA GUTIERREZ,"3ERA AV 3-31 ZONA 4, BARRIO SANTIAGO",42307722,SANTOS JOSÉ MENCHÚ GUINEA,MARCOS EDUARDO SAJCHÉ CUC,PARVULOS,OFICIAL,URBANA,ABIERTA,MONOLINGUE,VESPERTINA,DIARIO(REGULAR),TOTONICAPÁN
08-02-0058-42,08-02-0398,TOTONICAPAN,SAN CRISTOBAL TOTONICAPAN,"INSTITUTO TECNOLÓGICO ""AGUA VIVA""",2DA CALLE 5-58 ZONA 2 BARRIO SAN SEBASTIAN,37907128,SANTOS JOSÉ MENCHÚ GUINEA,MARCO VINICIO CHANAX GONZÁLEZ,PARVULOS,PRIVADO,URBANA,ABIERTA,MONOLINGUE,MATUTINA,DIARIO(REGULAR),TOTONICAPÁN
08-02-0071-42,08-02-0422,TOTONICAPAN,SAN CRISTOBAL TOTONICAPAN,"""LICEO PREUNIVERSITARIO SAN CRISTÓBAL""","3A AVENIDA ""A"" 7-64 ZONA 1 BARRIO LAS CLARAS",42675954,ISAÍAS MANUEL ROSALES VÁSQUEZ,EDDY EDUARDO GODINEZ DE LEON,PARVULOS,PRIVADO,URBANA,ABIERTA,MONOLINGUE,MATUTINA,DIARIO(REGULAR),TOTONICAPÁN
08-02-0134-42,08-02-0422,TOTONICAPAN,SAN CRISTOBAL TOTONICAPAN,"""COLEGIO PRIVADO LOS PRÓCERES""","1ERA AVENIDA 9-40 ZONA 4, BARRIO SANTIAGO",57527531,ISAÍAS MANUEL ROSALES VÁSQUEZ,JUANA ROSARIO CAN SAQUIC,PARVULOS,PRIVADO,RURAL,ABIERTA,BILINGUE,MATUTINA,DIARIO(REGULAR),TOTONICAPÁN
08-02-0405-42,08-002,TOTONICAPAN,SAN CRISTOBAL TOTONICAPAN,EODP,3A AVENIDA 3-31 ZONA 4,,JOSÉ VICTOR CHAMORRO HUITZ,,PARVULOS,OFICIAL,URBANA,CERRADA TEMPORALMENTE,MONOLINGUE,MATUTINA,DIARIO(REGULAR),TOTONICAPÁN
08-02-0406-42,08-02-0398,TOTONICAPAN,SAN CRISTOBAL TOTONICAPAN,EODP ANEXA A EOUM,5A AVENIDA 13-62 ZONA 7,44771934,SANTOS JOSÉ MENCHÚ GUINEA,AURA PATRICIA PUAC TIGUILÁ,PARVULOS,OFICIAL,URBANA,ABIERTA,MONOLINGUE,MATUTINA,DIARIO(REGULAR),TOTONICAPÁN
08-02-0407-42,08-02-0399,TOTONICAPAN,SAN CRISTOBAL TOTONICAPAN,EODP ANEXA A EORM,CANTON XECANCHAVOX,58448942,FREDY AUGUSTO AJPOP GARCÍA,TOMÁS OLA Y OLA,PARVULOS,OFICIAL,RURAL,ABIERTA,MONOLINGUE,MATUTINA,DIARIO(REGULAR),TOTONICAPÁN
08-02-0408-42,08-02-0399,TOTONICAPAN,SAN CRISTOBAL TOTONICAPAN,"EODP ANEXA A EORM ""JOSE LUCIANO TAHAY""",ALDEA XESUC,77678325,FREDY AUGUSTO AJPOP GARCÍA,MAYRA LISBETH MEJIA XICAY,PARVULOS,OFICIAL,RURAL,ABIERTA,MONOLINGUE,MATUTINA,DIARIO(REGULAR),TOTONICAPÁN
08-02-0409-42,,TOTONICAPAN,SAN CRISTOBAL TOTONICAPAN,EODP ANEXA A EORM,CANTON CHUICOTON,,,,PARVULOS,OFICIAL,RURAL,CERRADA TEMPORALMENTE,MONOLINGUE,MATUTINA,DIARIO(REGULAR),TOTONICAPÁN
08-02-0410-42,08-024,TOTONICAPAN,SAN CRISTOBAL TOTONICAPAN,COLEGIO SAN VICENTE DE PAUL,3A AVENIDA 1-59 ZONA 3,,MIGUEL AJPOP VASQUEZ,,PARVULOS,PRIVADO,URBANA,CERRADA TEMPORALMENTE,MONOLINGUE,MATUTINA,DIARIO(REGULAR),TOTONICAPÁN
08-02-0442-42,08-02-0398,TOTONICAPAN,SAN CRISTOBAL TOTONICAPAN,"EODP ANEXA A EORM ""LAZARO CHIGÜIL ELIAS""",CANTON XETACABAJ,47778707,SANTOS JOSÉ MENCHÚ GUINEA,FELIPE VICENTE HERNÁNDEZ SAQUIC,PARVULOS,OFICIAL,RURAL,ABIERTA,MONOLINGUE,MATUTINA,DIARIO(REGULAR),TOTONICAPÁN
08-02-0443-42,,TOTONICAPAN,SAN CRISTOBAL TOTONICAPAN,EPDP ANEXA A COLEGIO LICEO MIXTO 'CENTROAMERICANO',3AV. 3-66 ZONA 1,,,,PARVULOS,PRIVADO,URBANA,CERRADA DEFINITIVAMENTE,MONOLINGUE,MATUTINA,DIARIO(REGULAR),TOTONICAPÁN
08-02-0444-42,08-006,TOTONICAPAN,SAN CRISTOBAL TOTONICAPAN,EPDP ANEXA A 'COLEGIO DR. CARLOS HACKET',4A. CALLE 3-49 ZONA 1,,JOSÉ MANUEL CASTRO GUTIÉRREZ,,PARVULOS,PRIVADO,URBANA,CERRADA DEFINITIVAMENTE,MONOLINGUE,MATUTINA,DIARIO(REGULAR),TOTONICAPÁN
08-02-0561-42,08-02-0397,TOTONICAPAN,SAN CRISTOBAL TOTONICAPAN,EODP ANEXA A EORM TECUN UMAN,ALDEA NUEVA CANDELARIA,41969894,LESBIA JOAIDA CUÁ TZUL,ISRAEL TOMAS ALVAREZ ALVAREZ,PARVULOS,OFICIAL,RURAL,ABIERTA,MONOLINGUE,MATUTINA,DIARIO(REGULAR),TOTONICAPÁN
08-02-0792-42,08-02-0397,TOTONICAPAN,SAN CRISTOBAL TOTONICAPAN,EODP ANEXA A EORM,ALDEA PATACHAJ,51767250,LESBIA JOAIDA CUÁ TZUL,JUANA ROSENDA MENCHÚ GARCÍA,PARVULOS,OFICIAL,RURAL,ABIERTA,MONOLINGUE,MATUTINA,DIARIO(REGULAR),TOTONICAPÁN
08-02-1340-42,08-02-0397,TOTONICAPAN,SAN CRISTOBAL TOTONICAPAN,EODP ANEXA A EORM,ALDEA NUEVA CANDELARIA,48754965,LESBIA JOAIDA CUÁ TZUL,DEMETRIO PUAC TECÚM,PARVULOS,OFICIAL,RURAL,ABIERTA,BILINGUE,VESPERTINA,DIARIO(REGULAR),TOTONICAPÁN
08-02-1341-42,08-008,TOTONICAPAN,SAN CRISTOBAL TOTONICAPAN,EODP ANEXA A EORM,ALDEA PATACHAJ,,----------------------- ----------------------------,,PARVULOS,OFICIAL,RURAL,CERRADA TEMPORALMENTE,MONOLINGUE,VESPERTINA,DIARIO(REGULAR),TOTONICAPÁN
08-02-1716-42,08-02-0422,TOTONICAPAN,SAN CRISTOBAL TOTONICAPAN,EODP ANEXA A EOUM,BARRIO LA INDEPENDENCIA,55522700,ISAÍAS MANUEL ROSALES VÁSQUEZ,MIRIAN MARGARITA DEL ROSARIO TZUL GUONÓN,PARVULOS,OFICIAL,URBANA,ABIERTA,MONOLINGUE,MATUTINA,DIARIO(REGULAR),TOTONICAPÁN
08-02-1722-42,,TOTONICAPAN,SAN CRISTOBAL TOTONICAPAN,EODP ANEXA A EORM,PARAJE SACOLAJOBAL ALDEA PATACHAJ,,,,PARVULOS,OFICIAL,RURAL,CERRADA TEMPORALMENTE,MONOLINGUE,VESPERTINA,DIARIO(REGULAR),TOTONICAPÁN
08-02-1724-42,,TOTONICAPAN,SAN CRISTOBAL TOTONICAPAN,EODP ANEXA A EORM,PARAJE SACOLAJOBAL ALDEA PATACHAJ,,,,PARVULOS,OFICIAL,RURAL,CERRADA TEMPORALMENTE,MONOLINGUE,VESPERTINA,DIARIO(REGULAR),TOTONICAPÁN
08-02-1735-42,08-02-0422,TOTONICAPAN,SAN CRISTOBAL TOTONICAPAN,"EODP ""ANGELA LORENA GARCIA SAZO DE LEON""",BARRIO LAS CLARAS,41505650,ISAÍAS MANUEL ROSALES VÁSQUEZ,MARÍA MERCEDES CORDÓN RODRÍGUEZ,PARVULOS,OFICIAL,URBANA,ABIERTA,MONOLINGUE,MATUTINA,DIARIO(REGULAR),TOTONICAPÁN
08-02-1771-42,,TOTONICAPAN,SAN CRISTOBAL TOTONICAPAN,EODP ANEXA A EORM 'JOSE LUCIANO TAHAY',ALDEA XESUC,,,,PARVULOS,OFICIAL,RURAL,CERRADA TEMPORALMENTE,MONOLINGUE,VESPERTINA,DIARIO(REGULAR),TOTONICAPÁN
08-02-1894-42,,TOTONICAPAN,SAN CRISTOBAL TOTONICAPAN,CEIN PAIN,ALDEA CHAJABAL,,,,PARVULOS,OFICIAL,RURAL,CERRADA DEFINITIVAMENTE,MONOLINGUE,MATUTINA,DIARIO(REGULAR),TOTONICAPÁN
08-02-1897-42,08-02-0399,TOTONICAPAN,SAN CRISTOBAL TOTONICAPAN,CEIN -PAIN-,BARRIO DE LA CIENAGA,54760989,FREDY AUGUSTO AJPOP GARCÍA,CARMELI ESPERANZA ARRIOLA OVALLE,PARVULOS,OFICIAL,URBANA,ABIERTA,MONOLINGUE,MATUTINA,DIARIO(REGULAR),TOTONICAPÁN
08-02-2004-42,26-037,TOTONICAPAN,SAN CRISTOBAL TOTONICAPAN,EDAC -PRONADE- ANEXA,PARAJE CHUINIMA CANTON XESUC,,PROYECTO FUNDAP,,PARVULOS,OFICIAL,RURAL,CERRADA DEFINITIVAMENTE,MONOLINGUE,MATUTINA,DIARIO(REGULAR),TOTONICAPÁN
08-02-2005-42,26-037,TOTONICAPAN,SAN CRISTOBAL TOTONICAPAN,EDAC -PRONADE- ANEXA,PARAJE PASAC CANTON PATACHAC,,PROYECTO FUNDAP,,PARVULOS,OFICIAL,RURAL,CERRADA DEFINITIVAMENTE,MONOLINGUE,MATUTINA,DIARIO(REGULAR),TOTONICAPÁN
08-02-2006-42,26-037,TOTONICAPAN,SAN CRISTOBAL TOTONICAPAN,EDAC -PRONADE-ANEXA,PARAJE EL CALVARIO CANTON SAN RAMON,,PROYECTO FUNDAP,,PARVULOS,OFICIAL,RURAL,CERRADA DEFINITIVAMENTE,MONOLINGUE,MATUTINA,DIARIO(REGULAR),TOTONICAPÁN
08-02-2007-42,26-037,TOTONICAPAN,SAN CRISTOBAL TOTONICAPAN,EDAC -PRONADE- ANEXA,PARAJE ORATORIO CANTON XECANCHAVOX,,PROYECTO FUNDAP,,PARVULOS,OFICIAL,RURAL,CERRADA DEFINITIVAMENTE,MONOLINGUE,MATUTINA,DIARIO(REGULAR),TOTONICAPÁN
08-02-2048-42,08-02-0398,TOTONICAPAN,SAN CRISTOBAL TOTONICAPAN,"COLEGIO PRIVADO MIXTO ""MIGUEL ANGEL ASTURIAS""",2DA. CALLE 6-68 ZONA 1,45436421,SANTOS JOSÉ MENCHÚ GUINEA,JOSÉ RUBÉN LÓPEZ LÓPEZ,PARVULOS,PRIVADO,URBANA,ABIERTA,MONOLINGUE,MATUTINA,DIARIO(REGULAR),TOTONICAPÁN
08-02-2089-42,08-02-0399,TOTONICAPAN,SAN CRISTOBAL TOTONICAPAN,"COLEGIO EVANGELICO METODISTA ""JUAN WESLEY""",2DA AVENIDA 16-98 ZONA 7 BARRIO LA CIENAGA,77678387,FREDY AUGUSTO AJPOP GARCÍA,MARTIN ISRAEL AVILA AGUILAR,PARVULOS,PRIVADO,URBANA,ABIERTA,MONOLINGUE,MATUTINA,DIARIO(REGULAR),TOTONICAPÁN
08-02-2207-42,26-037,TOTONICAPAN,SAN CRISTOBAL TOTONICAPAN,EDAC -PRONADE- ANEXA,PARAJE PABELLA CANTON SAN RAMON,,PROYECTO FUNDAP,,PARVULOS,OFICIAL,RURAL,CERRADA DEFINITIVAMENTE,MONOLINGUE,MATUTINA,DIARIO(REGULAR),TOTONICAPÁN
08-02-2316-42,08-02-0398,TOTONICAPAN,SAN CRISTOBAL TOTONICAPAN,EODP,0 AVENIDA 05-020 ZONA 3,58756410,SANTOS JOSÉ MENCHÚ GUINEA,GERÓNIMA NOHEMY ALVARADO PEC,PARVULOS,OFICIAL,URBANA,ABIERTA,MONOLINGUE,DOBLE,DIARIO(REGULAR),TOTONICAPÁN
08-02-2355-42,26-037,TOTONICAPAN,SAN CRISTOBAL TOTONICAPAN,EDAC -PRONADE- ANEXA,PARAJE PAXQUECNIL CANTON COXLIQUEL,,PROYECTO FUNDAP,,PARVULOS,OFICIAL,RURAL,CERRADA DEFINITIVAMENTE,MONOLINGUE,MATUTINA,DIARIO(REGULAR),TOTONICAPÁN
08-02-2412-42,08-007,TOTONICAPAN,SAN CRISTOBAL TOTONICAPAN,COLEGIO PRIVADO MIXTO FRANCISCO MARROQUIN,1A. CALLE 2-28 ZONA 2,77375333,YESENIA CAROLINA TACAM MORALES,ANÍBAL MAMERTO BARRIOS CELADA,PARVULOS,PRIVADO,URBANA,CERRADA TEMPORALMENTE,MONOLINGUE,MATUTINA,DIARIO(REGULAR),TOTONICAPÁN
08-03-0001-42,08-03-0402,TOTONICAPAN,SAN FRANCISCO EL ALTO,"COLEGIO PRIVADO MIXTO ""LOS ALTOS""",5TA. CALLE 1-55 ZONA 2 SAN FRANCISCO EL ALTO,77384795,MARTA MARÍA BATZ SOCOP DE TZUL,CARINA MAGALY ALVAREZ GÓMEZ,PARVULOS,PRIVADO,URBANA,ABIERTA,MONOLINGUE,MATUTINA,DIARIO(REGULAR),TOTONICAPÁN
08-03-0003-42,08-03-0402,TOTONICAPAN,SAN FRANCISCO EL ALTO,EODP ANEXA A EORM,PARAJE CHUICHAJ ALDEA PACHAJ,45462140,MARTA MARÍA BATZ SOCOP DE TZUL,MARLON ENRIQUE ALVAREZ GARCÍA,PARVULOS,OFICIAL,RURAL,ABIERTA,MONOLINGUE,MATUTINA,DIARIO(REGULAR),TOTONICAPÁN
08-03-0004-42,08-03-0402,TOTONICAPAN,SAN FRANCISCO EL ALTO,EODP ANEXA EORM,BARRIO CHUISIGUAN PARAJE PATZUTZUTZ,49888138,MARTA MARÍA BATZ SOCOP DE TZUL,ROSA EMPERATRIZ YAX MORALES,PARVULOS,OFICIAL,RURAL,ABIERTA,MONOLINGUE,MATUTINA,DIARIO(REGULAR),TOTONICAPÁN
08-03-0005-42,08-03-0400,TOTONICAPAN,SAN FRANCISCO EL ALTO,EODP ANEXA EORM,PARAJE LOS PINALES ALDEA SAN ANTONIO SIJA,48463071,JUAN ANTONIO HERNÁNDEZ CÚC,JOSÉ FRANCISCO TZUL TZUL,PARVULOS,OFICIAL,RURAL,ABIERTA,MONOLINGUE,MATUTINA,DIARIO(REGULAR),TOTONICAPÁN
08-03-0006-42,08-03-0401,TOTONICAPAN,SAN FRANCISCO EL ALTO,EODP ANEXA EORM,PARAJE PACHAJ ALDEA RANCHO DE TEJA,56513984,MARVIN ISAAC SON RONQUILLO,JOSÉ PEDRO GUTIÉRREZ CUÁ,PARVULOS,OFICIAL,RURAL,ABIERTA,MONOLINGUE,MATUTINA,DIARIO(REGULAR),TOTONICAPÁN
08-03-0007-42,08-03-0402,TOTONICAPAN,SAN FRANCISCO EL ALTO,EODP ANEXA EORM,PARAJE TZANJUYUB ALDEA PAXIXIL,53401698,MARTA MARÍA BATZ SOCOP DE TZUL,ANTONIO AGUSTÍN CHACLÁN LACÁN,PARVULOS,OFICIAL,RURAL,ABIERTA,MONOLINGUE,MATUTINA,DIARIO(REGULAR),TOTONICAPÁN
08-03-0008-42,08-03-0400,TOTONICAPAN,SAN FRANCISCO EL ALTO,EODP ANEXA EORM,PARAJE TZANJUYUP ALDEA CHIVARRETO,45339695,JUAN ANTONIO HERNÁNDEZ CÚC,CATARINA LETICIA GÓMEZ MALDONADO,PARVULOS,OFICIAL,RURAL,ABIERTA,MONOLINGUE,MATUTINA,DIARIO(REGULAR),TOTONICAPÁN
08-03-0009-42,08-03-0402,TOTONICAPAN,SAN FRANCISCO EL ALTO,EODP ANEXA EORM,PARAJE CHIXUAR ALDEA PABATOC,31531569,MARTA MARÍA BATZ SOCOP DE TZUL,MARIO JOSÉ GUTIÉRREZ GARCÍA,PARVULOS,OFICIAL,RURAL,ABIERTA,MONOLINGUE,MATUTINA,DIARIO(REGULAR),TOTONICAPÁN
08-03-0010-42,08-03-0401,TOTONICAPAN,SAN FRANCISCO EL ALTO,EODP ANEXA EORM,PARAJE XECORRAL ALDEA RANCHO TEJA,30992271,MARVIN ISAAC SON RONQUILLO,PEDRO PABLO MENCHÚ BARRENO,PARVULOS,OFICIAL,RURAL,ABIERTA,MONOLINGUE,MATUTINA,DIARIO(REGULAR),TOTONICAPÁN
08-03-0011-42,08-03-0402,TOTONICAPAN,SAN FRANCISCO EL ALTO,EODP ANEXA EORM,BARRIO XOLVE PARAJES PAXOLA Y CHIJOLOM,42074404,MARTA MARÍA BATZ SOCOP DE TZUL,MARVIN ROBERTO SOCH BULUX,PARVULOS,OFICIAL,RURAL,ABIERTA,MONOLINGUE,MATUTINA,DIARIO(REGULAR),TOTONICAPÁN
08-03-0013-42,08-03-0401,TOTONICAPAN,SAN FRANCISCO EL ALTO,EODP ANEXA EORM,PARAJE CHI RAMOS ALDEA RANCHO DE TEJA,50896576,MARVIN ISAAC SON RONQUILLO,RODOLFO FRANCISCO ALVAREZ HERNÁNDEZ,PARVULOS,OFICIAL,RURAL,ABIERTA,MONOLINGUE,MATUTINA,DIARIO(REGULAR),TOTONICAPÁN
08-03-0014-42,08-03-0401,TOTONICAPAN,SAN FRANCISCO EL ALTO,EODP ANEXA EORM,PARAJE CHUIJA ALDEA TACAJALVE,48878400,MARVIN ISAAC SON RONQUILLO,ISABEL BEATRIZ XUM CHIGÜIL,PARVULOS,OFICIAL,RURAL,ABIERTA,MONOLINGUE,MATUTINA,DIARIO(REGULAR),TOTONICAPÁN
08-03-0015-42,08-03-0402,TOTONICAPAN,SAN FRANCISCO EL ALTO,EODP ANEXA EORM,"SECTOR 1, ZONA 2 BARRIO CHISIGUAN",45954365,MARTA MARÍA BATZ SOCOP DE TZUL,ANA VERÓNICA GÓMEZ GARCÍA,PARVULOS,OFICIAL,RURAL,ABIERTA,MONOLINGUE,MATUTINA,DIARIO(REGULAR),TOTONICAPÁN
08-03-0046-42,08-009,TOTONICAPAN,SAN FRANCISCO EL ALTO,"COLEGIO PRIVADO CRISTIANO MIXTO ""ISRAEL""","1A, AVENIDA 4-98 ZONA 1",77384904,HEBERTO WOTZBELI PALACIOS JUC,BETSABE BENAIA RODAS DE LEÓN,PARVULOS,PRIVADO,URBANA,CERRADA TEMPORALMENTE,MONOLINGUE,MATUTINA,DIARIO(REGULAR),TOTONICAPÁN
08-03-0144-42,08-03-0402,TOTONICAPAN,SAN FRANCISCO EL ALTO,"COLEGIO ""CIENCIA Y CULTURA""",1A AVE. 4-30 ZONA 1,41153110,MARTA MARÍA BATZ SOCOP DE TZUL,BENJAMIN EDUARDO PACHECO HERNANDEZ,PARVULOS,PRIVADO,URBANA,ABIERTA,MONOLINGUE,MATUTINA,DIARIO(REGULAR),TOTONICAPÁN
08-03-0145-42,08-03-0402,TOTONICAPAN,SAN FRANCISCO EL ALTO,EODP,3A. CALLE 6-027 ZONA 1,30122761,MARTA MARÍA BATZ SOCOP DE TZUL,DIANA ELAINE GÓMEZ PUAC,PARVULOS,OFICIAL,URBANA,ABIERTA,MONOLINGUE,MATUTINA,DIARIO(REGULAR),TOTONICAPÁN
08-03-0150-42,08-03-0401,TOTONICAPAN,SAN FRANCISCO EL ALTO,EODP ANEXO A EORM,ALDEA CHIRRENOX,48237475,MARVIN ISAAC SON RONQUILLO,MIGUEL CRISTOBAL YAX TAX,PARVULOS,OFICIAL,RURAL,ABIERTA,MONOLINGUE,MATUTINA,DIARIO(REGULAR),TOTONICAPÁN
08-03-0154-42,08-03-0402,TOTONICAPAN,SAN FRANCISCO EL ALTO,EODP ANEXA A EORM,ALDEA PAXIXIL,55225520,MARTA MARÍA BATZ SOCOP DE TZUL,PEDRO EMILIO LACÁN JUÁREZ,PARVULOS,OFICIAL,RURAL,ABIERTA,MONOLINGUE,MATUTINA,DIARIO(REGULAR),TOTONICAPÁN
08-03-0157-42,08-03-0400,TOTONICAPAN,SAN FRANCISCO EL ALTO,EODP ANEXO A EORM,ALDEA CHIVARRETO,46536257,JUAN ANTONIO HERNÁNDEZ CÚC,JUAN ERNESTO PUÁC LÓPEZ,PARVULOS,OFICIAL,RURAL,ABIERTA,MONOLINGUE,MATUTINA,DIARIO(REGULAR),TOTONICAPÁN
08-03-0486-42,08-03-0402,TOTONICAPAN,SAN FRANCISCO EL ALTO,EODP ANEXA A EORM,PARAJE PALEMOP ALDEA PABATOC,30589582,MARTA MARÍA BATZ SOCOP DE TZUL,MAYRA ELIZABETH RENOJ PASTOR DE PASTOR,PARVULOS,OFICIAL,RURAL,ABIERTA,MONOLINGUE,MATUTINA,DIARIO(REGULAR),TOTONICAPÁN
08-03-0498-42,08-03-0402,TOTONICAPAN,SAN FRANCISCO EL ALTO,CENTRO DE FORMACION EL PATRIOTA,4A. AV. ZONA 1,40564321,MARTA MARÍA BATZ SOCOP DE TZUL,EDUARDO GÓMEZ LÓPEZ,PARVULOS,PRIVADO,URBANA,ABIERTA,MONOLINGUE,MATUTINA,DIARIO(REGULAR),TOTONICAPÁN
08-03-0500-42,,TOTONICAPAN,SAN FRANCISCO EL ALTO,EODP,CASERIO XEMUJ,,,,PARVULOS,OFICIAL,RURAL,CERRADA DEFINITIVAMENTE,MONOLINGUE,MATUTINA,DIARIO(REGULAR),TOTONICAPÁN
08-03-0550-42,08-03-0400,TOTONICAPAN,SAN FRANCISCO EL ALTO,EODP ANEXA A EORM,PARAJE CAMPOSECO ALDEA SAN ANTONIO SIJA,40487006,JUAN ANTONIO HERNÁNDEZ CÚC,HÉCTOR ROLANDO HERNÁNDEZ PÉREZ,PARVULOS,OFICIAL,RURAL,ABIERTA,MONOLINGUE,MATUTINA,DIARIO(REGULAR),TOTONICAPÁN
08-03-0552-42,08-03-0402,TOTONICAPAN,SAN FRANCISCO EL ALTO,EODP ANEXA EORM,ALDEA PACHAJ,41850492,MARTA MARÍA BATZ SOCOP DE TZUL,JORGE MARIO MEJÍA OROXOM,PARVULOS,OFICIAL,RURAL,ABIERTA,MONOLINGUE,MATUTINA,DIARIO(REGULAR),TOTONICAPÁN
08-03-0795-42,,TOTONICAPAN,SAN FRANCISCO EL ALTO,EODP ANEXA A EORM,ALDEA SACMIXIT,,,,PARVULOS,OFICIAL,RURAL,CERRADA TEMPORALMENTE,MONOLINGUE,MATUTINA,DIARIO(REGULAR),TOTONICAPÁN
08-03-1342-42,08-03-0400,TOTONICAPAN,SAN FRANCISCO EL ALTO,EODP ANEXA A EORM,ALDEA CHIVARRETO,30638263,JUAN ANTONIO HERNÁNDEZ CÚC,ALEJANDRO MALDONADO PÉREZ,PARVULOS,OFICIAL,RURAL,ABIERTA,MONOLINGUE,VESPERTINA,DIARIO(REGULAR),TOTONICAPÁN
08-03-1666-42,08-03-0401,TOTONICAPAN,SAN FRANCISCO EL ALTO,EODP ANEXA A EORM,PARAJE CHIPASTOR ALDEA RANCHO DE TEJA,44846298,MARVIN ISAAC SON RONQUILLO,JOSÉ AUGUSTO BATZ TZOC,PARVULOS,OFICIAL,RURAL,ABIERTA,MONOLINGUE,MATUTINA,DIARIO(REGULAR),TOTONICAPÁN
08-03-1718-42,,TOTONICAPAN,SAN FRANCISCO EL ALTO,EODP ANEXA A EORM,ALDEA SAQUICOL,,,,PARVULOS,OFICIAL,RURAL,CERRADA TEMPORALMENTE,MONOLINGUE,VESPERTINA,DIARIO(REGULAR),TOTONICAPÁN
08-03-1721-42,08-007,TOTONICAPAN,SAN FRANCISCO EL ALTO,EODP ANEXA A EORM,PARAJE PALEMOP,,YESENIA CAROLINA TACAM MORALES,,PARVULOS,OFICIAL,RURAL,CERRADA TEMPORALMENTE,MONOLINGUE,VESPERTINA,DIARIO(REGULAR),TOTONICAPÁN
08-03-1938-42,,TOTONICAPAN,SAN FRANCISCO EL ALTO,EODP ANEXA A EORM,PARAJE PALEMOP,,,,PARVULOS,OFICIAL,RURAL,CERRADA DEFINITIVAMENTE,MONOLINGUE,MATUTINA,DIARIO(REGULAR),TOTONICAPÁN
08-03-1981-42,08-03-0400,TOTONICAPAN,SAN FRANCISCO EL ALTO,EODP ANEXA A EORM 20 DE OCTUBRE,ALDEA TACAJALVE,58041303,JUAN ANTONIO HERNÁNDEZ CÚC,ALBERTO EZEQUIEL GARCÍA BATZ,PARVULOS,OFICIAL,RURAL,ABIERTA,MONOLINGUE,MATUTINA,DIARIO(REGULAR),TOTONICAPÁN
08-03-2008-42,26-037,TOTONICAPAN,SAN FRANCISCO EL ALTO,EDAC -PRONADE-ANEXA,PARAJE CHUICHAJ ALDEA PACHAJ,,PROYECTO FUNDAP,,PARVULOS,OFICIAL,RURAL,CERRADA DEFINITIVAMENTE,MONOLINGUE,MATUTINA,DIARIO(REGULAR),TOTONICAPÁN
08-03-2009-42,26-037,TOTONICAPAN,SAN FRANCISCO EL ALTO,EDAC -PRONADE- ANEXA,BARRIO CHUISIGUAN PARAJE PATZUTZUTZ,,PROYECTO FUNDAP,,PARVULOS,OFICIAL,RURAL,CERRADA DEFINITIVAMENTE,MONOLINGUE,MATUTINA,DIARIO(REGULAR),TOTONICAPÁN
08-03-2010-42,26-037,TOTONICAPAN,SAN FRANCISCO EL ALTO,EDAC -PRONADE- ANEXA,PARAJE LOS PINALES ALDEA SAN ANTONIO SIJA,,PROYECTO FUNDAP,,PARVULOS,OFICIAL,RURAL,CERRADA DEFINITIVAMENTE,MONOLINGUE,MATUTINA,DIARIO(REGULAR),TOTONICAPÁN
08-03-2011-42,26-037,TOTONICAPAN,SAN FRANCISCO EL ALTO,EDAC -PRONADE- ANEXA,PARAJE PACHAJ ALDEA RANCHO DE TEJA,,PROYECTO FUNDAP,,PARVULOS,OFICIAL,RURAL,CERRADA DEFINITIVAMENTE,MONOLINGUE,MATUTINA,DIARIO(REGULAR),TOTONICAPÁN
08-03-2012-42,26-037,TOTONICAPAN,SAN FRANCISCO EL ALTO,EDAC -PRONADE- ANEXA,PARAJE TZANJUYUB ALDEA PAXIXIL,,PROYECTO FUNDAP,,PARVULOS,OFICIAL,RURAL,CERRADA DEFINITIVAMENTE,MONOLINGUE,MATUTINA,DIARIO(REGULAR),TOTONICAPÁN
08-03-2013-42,26-037,TOTONICAPAN,SAN FRANCISCO EL ALTO,EDAC -PRONADE- ANEXA,PARAJE TZANJUYUP ALDEA CHIVARRETO,,PROYECTO FUNDAP,,PARVULOS,OFICIAL,RURAL,CERRADA DEFINITIVAMENTE,MONOLINGUE,MATUTINA,DIARIO(REGULAR),TOTONICAPÁN
08-03-2114-42,08-03-0402,TOTONICAPAN,SAN FRANCISCO EL ALTO,EODP ANEXA A EOUM,3A. CALLE 6-81 ZONA 1,55447612,MARTA MARÍA BATZ SOCOP DE TZUL,DIEGO ROLANDO ALVARADO ALVAREZ,PARVULOS,OFICIAL,URBANA,ABIERTA,MONOLINGUE,VESPERTINA,DIARIO(REGULAR),TOTONICAPÁN
08-03-2115-42,08-03-0400,TOTONICAPAN,SAN FRANCISCO EL ALTO,EODP ANEXA A EORM 20 DE OCTUBRE,ALDEA TACAJALVE,53873769,JUAN ANTONIO HERNÁNDEZ CÚC,JOSÉ LUIS MENCHÚ BARRENO,PARVULOS,OFICIAL,RURAL,ABIERTA,MONOLINGUE,VESPERTINA,DIARIO(REGULAR),TOTONICAPÁN
08-03-2116-42,08-03-0401,TOTONICAPAN,SAN FRANCISCO EL ALTO,EODP ANEXA A EORM,ALDEA RANCHO DE TEJA,51633368,MARVIN ISAAC SON RONQUILLO,TORIBIO CHAJ PASTOR,PARVULOS,OFICIAL,RURAL,ABIERTA,MONOLINGUE,VESPERTINA,DIARIO(REGULAR),TOTONICAPÁN
08-03-2208-42,26-037,TOTONICAPAN,SAN FRANCISCO EL ALTO,EDAC -PRONADE- ANEXA,PARAJE CHIXUAR ALDEA PABATOC,,PROYECTO FUNDAP,,PARVULOS,OFICIAL,RURAL,CERRADA DEFINITIVAMENTE,MONOLINGUE,MATUTINA,DIARIO(REGULAR),TOTONICAPÁN
08-03-2209-42,26-037,TOTONICAPAN,SAN FRANCISCO EL ALTO,EDAC -PRONADE- ANEXA,PARAJE XECORRAL ALDEA RANCHO TEJA,,PROYECTO FUNDAP,,PARVULOS,OFICIAL,RURAL,CERRADA DEFINITIVAMENTE,MONOLINGUE,MATUTINA,DIARIO(REGULAR),TOTONICAPÁN
08-03-2210-42,26-037,TOTONICAPAN,SAN FRANCISCO EL ALTO,EDAC -PRONADE- ANEXA,BARRIO XOLVE PARAJES PAXOLA Y CHIJOLOM,,PROYECTO FUNDAP,,PARVULOS,OFICIAL,RURAL,CERRADA DEFINITIVAMENTE,MONOLINGUE,MATUTINA,DIARIO(REGULAR),TOTONICAPÁN
08-03-2315-42,08-03-0400,TOTONICAPAN,SAN FRANCISCO EL ALTO,EODP,PARAJE CHICALLES ALDEA CHIVARRETO,53054015,JUAN ANTONIO HERNÁNDEZ CÚC,SINDY ARACELY BAQUIAX PRETZANTZÍN,PARVULOS,OFICIAL,RURAL,ABIERTA,MONOLINGUE,DOBLE,DIARIO(REGULAR),TOTONICAPÁN
08-03-2328-42,26-037,TOTONICAPAN,SAN FRANCISCO EL ALTO,EDAC -PRONADE- ANEXA,PARAJE CHI RAMOS ALDEA RANCHO DE TEJA,,PROYECTO FUNDAP,,PARVULOS,OFICIAL,RURAL,CERRADA DEFINITIVAMENTE,MONOLINGUE,MATUTINA,DIARIO(REGULAR),TOTONICAPÁN
08-03-2356-42,26-037,TOTONICAPAN,SAN FRANCISCO EL ALTO,EDAC -PRONADE- ANEXA,PARAJE CHUIJA ALDEA TACAJALVE,,PROYECTO FUNDAP,,PARVULOS,OFICIAL,RURAL,CERRADA DEFINITIVAMENTE,MONOLINGUE,MATUTINA,DIARIO(REGULAR),TOTONICAPÁN
08-03-2357-42,26-037,TOTONICAPAN,SAN FRANCISCO EL ALTO,EDAC -PRONADE- ANEXA,"SECTOR 1, ZONA 2 BARRIO CHISIGUAN",,PROYECTO FUNDAP,,PARVULOS,OFICIAL,RURAL,CERRADA DEFINITIVAMENTE,MONOLINGUE,MATUTINA,DIARIO(REGULAR),TOTONICAPÁN
08-03-2382-42,08-03-0402,TOTONICAPAN,SAN FRANCISCO EL ALTO,EODP ANEXA AEORM,ALDEA PACHAJ,53304299,MARTA MARÍA BATZ SOCOP DE TZUL,ANDRES BERNARDO HERNÁNDEZ PÉREZ,PARVULOS,OFICIAL,RURAL,ABIERTA,MONOLINGUE,VESPERTINA,DIARIO(REGULAR),TOTONICAPÁN
08-03-2390-42,08-03-0400,TOTONICAPAN,SAN FRANCISCO EL ALTO,EODP ANEXA A EORM,PARAJE CHONIMACORRAL ALDEA SAN ANTONIO SIJA,45262333,JUAN ANTONIO HERNÁNDEZ CÚC,MARÍA ANGELICA GONZÁLEZ MACARIO,PARVULOS,OFICIAL,RURAL,ABIERTA,MONOLINGUE,MATUTINA,DIARIO(REGULAR),TOTONICAPÁN
08-03-2475-42,08-03-0400,TOTONICAPAN,SAN FRANCISCO EL ALTO,EODP ANEXA A EORM,PARAJE CHIVENTUR ALDEA CHIVARRETO,41518040,JUAN ANTONIO HERNÁNDEZ CÚC,CRUZ ELVIRA AJCHÉ CHACLÁN,PARVULOS,OFICIAL,RURAL,ABIERTA,MONOLINGUE,MATUTINA,DIARIO(REGULAR),TOTONICAPÁN
08-03-2507-42,08-03-0402,TOTONICAPAN,SAN FRANCISCO EL ALTO,COLEGIO EVANGELICO NUEVA VISION,1A. CALLE 4-85 ZONA 1,77678892,MARTA MARÍA BATZ SOCOP DE TZUL,DANILO HELEODORO PUAC TIGÜILÁ,PARVULOS,PRIVADO,URBANA,ABIERTA,MONOLINGUE,MATUTINA,DIARIO(REGULAR),TOTONICAPÁN
08-04-0007-42,08-04-0404,TOTONICAPAN,SAN ANDRES XECUL,EODP ANEXA EORM,PARAJE CHOSUC ALDEA PALOMORA,45171091,JORGE ENRIQUE CHEN GONZÁLEZ,MARÍA LUCRECIA RENOJ LÓPEZ,PARVULOS,OFICIAL,RURAL,ABIERTA,MONOLINGUE,MATUTINA,DIARIO(REGULAR),TOTONICAPÁN
08-04-0008-42,08-04-0404,TOTONICAPAN,SAN ANDRES XECUL,EODP ANEXA EORM,PARAJE PACHOJOB ALDEA PALOMORA,55512019,JORGE ENRIQUE CHEN GONZÁLEZ,MARÍA MORALES RENOJ,PARVULOS,OFICIAL,RURAL,ABIERTA,MONOLINGUE,MATUTINA,DIARIO(REGULAR),TOTONICAPÁN
08-04-0009-42,08-04-0404,TOTONICAPAN,SAN ANDRES XECUL,EODP ANEXA EORM,PARAJE CHINIMABE ALDEA PALOMORA,31416405,JORGE ENRIQUE CHEN GONZÁLEZ,GABINO MIGUEL MORALES XUM,PARVULOS,OFICIAL,RURAL,ABIERTA,MONOLINGUE,MATUTINA,DIARIO(REGULAR),TOTONICAPÁN
08-04-0023-42,08-04-0403,TOTONICAPAN,SAN ANDRES XECUL,EODP ANEXA A EORM,PARAJE PARRACANTACAJ,53419302,PEDRO JOSÉ CHÁN RALAC,CONSTANZA MAGDALENA GARCÍA SAY,PARVULOS,OFICIAL,RURAL,ABIERTA,MONOLINGUE,MATUTINA,DIARIO(REGULAR),TOTONICAPÁN
08-04-0030-42,08-04-0403,TOTONICAPAN,SAN ANDRES XECUL,COLEGIO PRIVADO SAN ANDRÉS,1ERA CALLE A 4-36 ZONA 4,57749484,PEDRO JOSÉ CHÁN RALAC,EDGAR ANTONIO CUX SAJCHÉ,PARVULOS,PRIVADO,URBANA,ABIERTA,MONOLINGUE,MATUTINA,DIARIO(REGULAR),TOTONICAPÁN
08-04-0170-42,08-04-0403,TOTONICAPAN,SAN ANDRES XECUL,EODP ANEXA A EOUM JUAN RUPERTO CHUC AGUILAR,1A. CALLE 3-67 ZONA 3,55516077,PEDRO JOSÉ CHÁN RALAC,TIMOTEO RIVELINO CUX HERNÁNDEZ,PARVULOS,OFICIAL,URBANA,ABIERTA,MONOLINGUE,MATUTINA,DIARIO(REGULAR),TOTONICAPÁN
08-04-0171-42,08-04-0403,TOTONICAPAN,SAN ANDRES XECUL,EODP ANEXA A EORM,ALDEA NIMASAC,57823498,PEDRO JOSÉ CHÁN RALAC,DIEGO CHÁN HIC,PARVULOS,OFICIAL,RURAL,ABIERTA,MONOLINGUE,MATUTINA,DIARIO(REGULAR),TOTONICAPÁN
08-04-0173-42,08-04-0403,TOTONICAPAN,SAN ANDRES XECUL,EODP ANEXA A EORM,ALDEA SAN FELIPE XEJUYUP,53178640,PEDRO JOSÉ CHÁN RALAC,MIGUEL YOBANI CAN TONOC,PARVULOS,OFICIAL,RURAL,ABIERTA,MONOLINGUE,MATUTINA,DIARIO(REGULAR),TOTONICAPÁN
08-04-0174-42,08-04-0404,TOTONICAPAN,SAN ANDRES XECUL,EODP ANEXA A EORM,ALDEA PALOMORA,59282256,JORGE ENRIQUE CHEN GONZÁLEZ,BRENDA MARÍA CHUC AMBROSIO,PARVULOS,OFICIAL,RURAL,ABIERTA,MONOLINGUE,MATUTINA,DIARIO(REGULAR),TOTONICAPÁN
08-04-1695-42,08-008,TOTONICAPAN,SAN ANDRES XECUL,CEIN -PAIN-,PAJARE CHISAQ' ALDEA CHAJABAL,,----------------------- ----------------------------,,PARVULOS,OFICIAL,RURAL,CERRADA TEMPORALMENTE,MONOLINGUE,MATUTINA,DIARIO(REGULAR),TOTONICAPÁN
08-04-1720-42,08-012,TOTONICAPAN,SAN ANDRES XECUL,EODP ANEXA A EORM,ALDEA SAN FELIPE XEJUYUP,,PEDRO JOSÉ CHÁN RALAC,,PARVULOS,OFICIAL,RURAL,CERRADA TEMPORALMENTE,MONOLINGUE,VESPERTINA,DIARIO(REGULAR),TOTONICAPÁN
08-04-1898-42,08-04-0403,TOTONICAPAN,SAN ANDRES XECUL,CEIN -PAIN-,"6TA. AVENIDA 1-98 ZONA 1, BARRIO EL CALVARIO",59408257,PEDRO JOSÉ CHÁN RALAC,MARÍA JULIA CHAN CHÁN,PARVULOS,OFICIAL,URBANA,ABIERTA,MONOLINGUE,MATUTINA,DIARIO(REGULAR),TOTONICAPÁN
08-04-2203-42,26-037,TOTONICAPAN,SAN ANDRES XECUL,EDAC -PRONADE- ANEXA,PARAJE CHOSUC ALDEA PALOMORA,,PROYECTO FUNDAP,,PARVULOS,OFICIAL,RURAL,CERRADA DEFINITIVAMENTE,MONOLINGUE,MATUTINA,DIARIO(REGULAR),TOTONICAPÁN
08-04-2204-42,26-037,TOTONICAPAN,SAN ANDRES XECUL,EDAC -PRONADE- ANEXA,PARAJE PACHOJOB ALDEA PALOMORA,,PROYECTO FUNDAP,,PARVULOS,OFICIAL,RURAL,CERRADA DEFINITIVAMENTE,MONOLINGUE,MATUTINA,DIARIO(REGULAR),TOTONICAPÁN
08-04-2317-42,08-04-0403,TOTONICAPAN,SAN ANDRES XECUL,EODP,2DA. AVENIDA 2-36A ZONA 1,44939057,PEDRO JOSÉ CHÁN RALAC,LUCÍA MARGARITA MENCHÚ TZUL,PARVULOS,OFICIAL,RURAL,ABIERTA,MONOLINGUE,DOBLE,DIARIO(REGULAR),TOTONICAPÁN
08-04-2320-42,26-037,TOTONICAPAN,SAN ANDRES XECUL,EDAC -PRONADE- ANEXA,PARAJE CHINIMABE ALDEA PALOMORA,,PROYECTO FUNDAP,,PARVULOS,OFICIAL,RURAL,CERRADA DEFINITIVAMENTE,MONOLINGUE,MATUTINA,DIARIO(REGULAR),TOTONICAPÁN
08-04-2343-42,08-008,TOTONICAPAN,SAN ANDRES XECUL,COLEGIO EVANGELICO MARTIN LUTERO,PARAJE EL CERRITO ALDEA CHABAJAL,57791831,----------------------- ----------------------------,FAUSTINO RICARDO CHAN CUX,PARVULOS,PRIVADO,RURAL,CERRADA TEMPORALMENTE,MONOLINGUE,MATUTINA,DIARIO(REGULAR),TOTONICAPÁN
08-04-2345-42,08-012,TOTONICAPAN,SAN ANDRES XECUL,EODP ANEXA A EOUV,BARRIO EL CEMENTERIO,,PEDRO JOSÉ CHÁN RALAC,,PARVULOS,OFICIAL,URBANA,CERRADA DEFINITIVAMENTE,MONOLINGUE,VESPERTINA,DIARIO(REGULAR),TOTONICAPÁN
08-04-2416-42,08-04-0404,TOTONICAPAN,SAN ANDRES XECUL,EODP ANEXA A EORM,ALDEA PALOMORA,49744496,JORGE ENRIQUE CHEN GONZÁLEZ,SILVIA CATARINA LÓPEZ TISTOJ,PARVULOS,OFICIAL,RURAL,ABIERTA,MONOLINGUE,VESPERTINA,DIARIO(REGULAR),TOTONICAPÁN
08-04-2417-42,08-04-0403,TOTONICAPAN,SAN ANDRES XECUL,EODP ANEXA A ESCUELA OFICIAL URBANA MIXTA,4A CALLE 1-94 ZONA 4,42267043,PEDRO JOSÉ CHÁN RALAC,JULIA YOLANDA SAJCHÉ CUX,PARVULOS,OFICIAL,URBANA,ABIERTA,MONOLINGUE,VESPERTINA,DIARIO(REGULAR),TOTONICAPÁN
08-05-0011-42,08-05-0411,TOTONICAPAN,MOMOSTENANGO,EODP ANEXA EORM,PARAJE CENTRO CHOPITZAL ALDEA PITZAL,45249938,JOSÉ ALFREDO MORALES XUM,HAROLDO MANOLO TZIRIN SAQUEC,PARVULOS,OFICIAL,RURAL,ABIERTA,MONOLINGUE,MATUTINA,DIARIO(REGULAR),TOTONICAPÁN
08-05-0012-42,08-05-0410,TOTONICAPAN,MOMOSTENANGO,EODP ANEXA EORM,PARAJE CENTRO ALDEA SAN ANTONIO PASAJOC,31100559,EMILIA VICTORIA ULÍN XILOJ,LOIDA CALEL VICENTE,PARVULOS,OFICIAL,RURAL,ABIERTA,MONOLINGUE,MATUTINA,DIARIO(REGULAR),TOTONICAPÁN
08-05-0013-42,08-05-0408,TOTONICAPAN,MOMOSTENANGO,EODP ANEXA EORM,PARAJE CHIRIJQUEMEYA ALDEA XEQUEMEYA,45349997,MARVIN ALEJANDRO BATEN AJANEL,BONIFACIO BATEN ACABAL,PARVULOS,OFICIAL,RURAL,ABIERTA,MONOLINGUE,MATUTINA,DIARIO(REGULAR),TOTONICAPÁN
08-05-0014-42,08-05-0409,TOTONICAPAN,MOMOSTENANGO,EODP ANEXA EORM,BARRIO SANTA ISABEL PARAJE CHOCAMAN,41695396,MARIO FELIPE YAC HUIX,ERVIN LEONEL ITZEP XILOJ,PARVULOS,OFICIAL,RURAL,ABIERTA,MONOLINGUE,MATUTINA,DIARIO(REGULAR),TOTONICAPÁN
08-05-0015-42,08-05-0406,TOTONICAPAN,MOMOSTENANGO,EODP ANEXA EORM,BARRIO SANTA ANA PARAJE CHUINIMAJUYUB,,PABLO MALAQUÍAS BÁTEN XILOJ,FREDY ROBERTO BATEN AJANEL,PARVULOS,OFICIAL,RURAL,ABIERTA,MONOLINGUE,MATUTINA,DIARIO(REGULAR),TOTONICAPÁN
08-05-0016-42,08-05-0406,TOTONICAPAN,MOMOSTENANGO,EODP ANEXA EORM,BARRIO SANTA ANA PARAJE KACB ACHUY,43842809,PABLO MALAQUÍAS BÁTEN XILOJ,MIGUEL ESTUARDO PÉREZ PELICÓ,PARVULOS,OFICIAL,RURAL,ABIERTA,MONOLINGUE,MATUTINA,DIARIO(REGULAR),TOTONICAPÁN
08-05-0017-42,08-05-0410,TOTONICAPAN,MOMOSTENANGO,EODP ANEXA EORM,PARAJE LA CUMBRE ALDEA SAN ANTONIO PASAJOC,53571447,EMILIA VICTORIA ULÍN XILOJ,NEFTALÍ GUOX CALEL,PARVULOS,OFICIAL,RURAL,ABIERTA,MONOLINGUE,MATUTINA,DIARIO(REGULAR),TOTONICAPÁN
08-05-0018-42,08-05-0409,TOTONICAPAN,MOMOSTENANGO,EODP ANEXA EORM,BARRIO SANTA ANA PARAJE PACOXLAJ,48551073,MARIO FELIPE YAC HUIX,VALERIANO MOISES AJXUP PANTUJ,PARVULOS,OFICIAL,RURAL,ABIERTA,BILINGUE,MATUTINA,DIARIO(REGULAR),TOTONICAPÁN
08-05-0019-42,08-05-0406,TOTONICAPAN,MOMOSTENANGO,EODP ANEXA EORM,BARRIO PATZITE PARAJE PATURAS,54265492,PABLO MALAQUÍAS BÁTEN XILOJ,JOSÉ ANTONIO PÉREZ ITZEP,PARVULOS,OFICIAL,RURAL,ABIERTA,MONOLINGUE,MATUTINA,DIARIO(REGULAR),TOTONICAPÁN
08-05-0022-42,08-05-0405,TOTONICAPAN,MOMOSTENANGO,EODP ANEXA EORM,CASERIO SAN LUIS ALDEA LOS CIPRESES,47738770,FREDY GEOVANNI BATZ ZAPETA,ROLANDO VICENTE IXCOY AJANEL,PARVULOS,OFICIAL,RURAL,ABIERTA,MONOLINGUE,MATUTINA,DIARIO(REGULAR),TOTONICAPÁN
08-05-0023-42,08-05-0408,TOTONICAPAN,MOMOSTENANGO,EODP ANEXA EORM,PARAJE BUENOS AIRES CASERIO RACHOQUEL ALDEA XEQUEMEYA,30547746,MARVIN ALEJANDRO BATEN AJANEL,MARÍA VERÓNICA AMBROCIO ABAC,PARVULOS,OFICIAL,RURAL,ABIERTA,MONOLINGUE,MATUTINA,DIARIO(REGULAR),TOTONICAPÁN
08-05-0024-42,08-05-0409,TOTONICAPAN,MOMOSTENANGO,EODP ANEXA EORM,PARAJE CHACALTE ALDEA TUNAYAC,54345444,MARIO FELIPE YAC HUIX,ARLHENS ROSSANA QUIÑÓNEZ GIRÓN,PARVULOS,OFICIAL,RURAL,ABIERTA,MONOLINGUE,MATUTINA,DIARIO(REGULAR),TOTONICAPÁN
08-05-0025-42,08-05-0411,TOTONICAPAN,MOMOSTENANGO,EODP ANEXA EORM,PARAJE CHIPANQUI ALDEA TIERRA BLANCA,,JOSÉ ALFREDO MORALES XUM,JESÚS JULIÁN GARCÍA GUTIÉRREZ,PARVULOS,OFICIAL,RURAL,ABIERTA,MONOLINGUE,MATUTINA,DIARIO(REGULAR),TOTONICAPÁN
08-05-0026-42,08-05-0405,TOTONICAPAN,MOMOSTENANGO,EODP ANEXA EORM,PARAJE CHUCAPJA ALDEA TIERRA COLORADA,59955558,FREDY GEOVANNI BATZ ZAPETA,FRANCISCA VANESSA CHANCHAVAC VELÁSQUEZ,PARVULOS,OFICIAL,RURAL,ABIERTA,MONOLINGUE,MATUTINA,DIARIO(REGULAR),TOTONICAPÁN
08-05-0027-42,08-05-0406,TOTONICAPAN,MOMOSTENANGO,EODP ANEXA EORM,"PARAJE PATUKUR, BARRIO PATZITE",55252867,PABLO MALAQUÍAS BÁTEN XILOJ,HÉCTOR ROLANDO AMBROCIO VICENTE,PARVULOS,OFICIAL,RURAL,ABIERTA,MONOLINGUE,MATUTINA,DIARIO(REGULAR),TOTONICAPÁN
08-05-0031-42,08-05-0409,TOTONICAPAN,MOMOSTENANGO,EODP ANEXA EORM,SECTOR SAN LUIS PARAJE PAMUMUS ALDEA SANTA ANA,40814312,MARIO FELIPE YAC HUIX,HERBERT OTONIEL TAYÚN PÉREZ,PARVULOS,OFICIAL,RURAL,ABIERTA,MONOLINGUE,MATUTINA,DIARIO(REGULAR),TOTONICAPÁN
08-05-0032-42,08-05-0407,TOTONICAPAN,MOMOSTENANGO,EODP ANEXA EORM,COMUNIDAD CHUINAJTAJUYUB PARAJE NINTZITUJ CASERIO CANKIXAJA,51987804,JUAN BAUTISTA MENCHÚ AJCÁ,FELIPE TORRES CHAVEZ,PARVULOS,OFICIAL,RURAL,ABIERTA,BILINGUE,MATUTINA,DIARIO(REGULAR),TOTONICAPÁN
08-05-0033-42,08-05-0409,TOTONICAPAN,MOMOSTENANGO,EODP ANEXA EORM,"PARAJE PACAMAN, PAMUMUS",58062706,MARIO FELIPE YAC HUIX,DEIRY ARACELI ITZEP AJXUP,PARVULOS,OFICIAL,RURAL,ABIERTA,MONOLINGUE,MATUTINA,DIARIO(REGULAR),TOTONICAPÁN
08-05-0034-42,08-05-0408,TOTONICAPAN,MOMOSTENANGO,EODP ANEXA EORM,PARAJE EL MIRADOR CASERIO JUTACAJ ALDEA XEQUEMEYA,51656584,MARVIN ALEJANDRO BATEN AJANEL,EMILIO ELÍAS AJCÁ,PARVULOS,OFICIAL,RURAL,ABIERTA,MONOLINGUE,MATUTINA,DIARIO(REGULAR),TOTONICAPÁN
08-05-0035-42,08-05-0408,TOTONICAPAN,MOMOSTENANGO,EODP ANEXA EORM,PARAJE SAQK IMILAJ CASERIO JUTACAJ,51606865,MARVIN ALEJANDRO BATEN AJANEL,GERSON DAVID GARCÍA VÁSQUEZ,PARVULOS,OFICIAL,RURAL,ABIERTA,MONOLINGUE,MATUTINA,DIARIO(REGULAR),TOTONICAPÁN
08-05-0036-42,08-05-0408,TOTONICAPAN,MOMOSTENANGO,EODP ANEXA EORM,PARAJE PAXAQ ALDEA XEQUEMEYA,30094525,MARVIN ALEJANDRO BATEN AJANEL,ROMELIA ELISA ZÁRATE GARCÍA,PARVULOS,OFICIAL,RURAL,ABIERTA,MONOLINGUE,MATUTINA,DIARIO(REGULAR),TOTONICAPÁN
08-05-0037-42,08-05-0409,TOTONICAPAN,MOMOSTENANGO,EODP ANEXA EORM,PARAJE PATZUNUJ ALDEA SANTA ANA,31858590,MARIO FELIPE YAC HUIX,BERNABELA FORTUNATA LAJPOP ARGUETA,PARVULOS,OFICIAL,RURAL,ABIERTA,MONOLINGUE,MATUTINA,DIARIO(REGULAR),TOTONICAPÁN
08-05-0038-42,08-05-0407,TOTONICAPAN,MOMOSTENANGO,EODP ANEXA EORM,PARAJE LA LAGUNA CASERIO PANCA,55805988,JUAN BAUTISTA MENCHÚ AJCÁ,YESSENIA ROSARIO VICENTE ZÁRATE,PARVULOS,OFICIAL,RURAL,ABIERTA,MONOLINGUE,MATUTINA,DIARIO(REGULAR),TOTONICAPÁN
08-05-0107-42,08-05-0406,TOTONICAPAN,MOMOSTENANGO,"EODP ANEXA EOUM ""CENTRO AMERICA""",7A. CALLE 7-02 ZONA 3,,PABLO MALAQUÍAS BÁTEN XILOJ,MARIA CRISTOBALINA AMBROSIO XILOJ,PARVULOS,OFICIAL,URBANA,ABIERTA,MONOLINGUE,VESPERTINA,DIARIO(REGULAR),TOTONICAPÁN
08-05-0112-42,08-05-0407,TOTONICAPAN,MOMOSTENANGO,EODP ANEXA A EORM,"PARAJE CHOPOLUJA, BARRIO SANTA",47886289,JUAN BAUTISTA MENCHÚ AJCÁ,JUANA ELIZABETH VELASQUEZ ORON,PARVULOS,OFICIAL,RURAL,ABIERTA,BILINGUE,MATUTINA,DIARIO(REGULAR),TOTONICAPÁN
08-05-0126-42,08-05-0406,TOTONICAPAN,MOMOSTENANGO,COLEGIO CRISTIANO INTEGRIDAD,"1ERA. CALLE ""A"" 3-92 ZONA 1 BARRIO SANTA ANA",55827074,PABLO MALAQUÍAS BÁTEN XILOJ,FLOR MARIBEL HERNÁNDEZ MORALES,PARVULOS,PRIVADO,URBANA,ABIERTA,MONOLINGUE,MATUTINA,DIARIO(REGULAR),TOTONICAPÁN
08-05-0172-42,08-05-0408,TOTONICAPAN,MOMOSTENANGO,COLEGIO PRIVADO MIXTO PANAMERICANO,4TA. AVENIDA 4-66 DE LA ZONA 4 BARRIO SANTA ISABEL,77365329,MARVIN ALEJANDRO BATEN AJANEL,KATHLEEN ABIGAIL ZÁRATE BERNAL,PARVULOS,PRIVADO,URBANA,ABIERTA,MONOLINGUE,MATUTINA,DIARIO(REGULAR),TOTONICAPÁN
08-05-0207-42,08-010,TOTONICAPAN,MOMOSTENANGO,EODP ANEXA A EORM 'TECUN UMAN',ALDEA TUNAYAC,,-------------------- --------------------,,PARVULOS,OFICIAL,RURAL,CERRADA TEMPORALMENTE,MONOLINGUE,MATUTINA,DIARIO(REGULAR),TOTONICAPÁN
08-05-0230-42,08-05-0406,TOTONICAPAN,MOMOSTENANGO,EODP,2A. AV. Y 2A. CALLE ESQUINA ZONA 3,51405818,PABLO MALAQUÍAS BÁTEN XILOJ,ELVIRA PATRICIA DÍAZ ALVARADO,PARVULOS,OFICIAL,URBANA,ABIERTA,MONOLINGUE,MATUTINA,DIARIO(REGULAR),TOTONICAPÁN
08-05-0237-42,08-014,TOTONICAPAN,MOMOSTENANGO,EODP ANEXA EORM,ALDEA SANTA ANA,50033048,MARVIN ALEJANDRO BATEN AJANEL,JUDITH ESTER ACABAL IXCOY,PARVULOS,OFICIAL,RURAL,CERRADA TEMPORALMENTE,BILINGUE,MATUTINA,DIARIO(REGULAR),TOTONICAPÁN
08-05-0504-42,,TOTONICAPAN,MOMOSTENANGO,EODP,PARAJE CHOABAJ ALDEA SANTA ANA,,,,PARVULOS,OFICIAL,RURAL,CERRADA TEMPORALMENTE,MONOLINGUE,MATUTINA,DIARIO(REGULAR),TOTONICAPÁN
08-05-0517-42,08-05-0412,TOTONICAPAN,MOMOSTENANGO,EODP ANEXA A EORM,CASERIO XEMUJ ALDEA SAN VICENTE BUENABAJ,48132768,CONSTANTINO VICENTE VICENTE,HÉCTOR ENRIQUE IXMAY XILOJ,PARVULOS,OFICIAL,RURAL,ABIERTA,MONOLINGUE,MATUTINA,DIARIO(REGULAR),TOTONICAPÁN
08-05-1669-42,,TOTONICAPAN,MOMOSTENANGO,EODP ANEXA A EORM,PARAJE CHUIPANQUI ALDEA TIERRA BLANCA,,,,PARVULOS,OFICIAL,RURAL,CERRADA TEMPORALMENTE,MONOLINGUE,MATUTINA,DIARIO(REGULAR),TOTONICAPÁN
08-05-1670-42,08-05-0405,TOTONICAPAN,MOMOSTENANGO,EODP ANEXA A EORM,CASERIO PASUC ALDEA LOS CIPRESES,46909098,FREDY GEOVANNI BATZ ZAPETA,FELIX ISAIAS AJXUP AJANEL,PARVULOS,OFICIAL,RURAL,ABIERTA,MONOLINGUE,MATUTINA,DIARIO(REGULAR),TOTONICAPÁN
08-05-1728-42,08-016,TOTONICAPAN,MOMOSTENANGO,EODP ANEXA A EORM,CASERIO SAN RAFAEL ROCANA,,MARTA MARIA BATZ SOCOP DE TZUL,,PARVULOS,OFICIAL,RURAL,CERRADA DEFINITIVAMENTE,MONOLINGUE,MATUTINA,DIARIO(REGULAR),TOTONICAPÁN
08-05-1750-42,08-05-0409,TOTONICAPAN,MOMOSTENANGO,EODP ANEXA A EORM,PARAJE PAMUMUS ALDEA SANTA ANA,40796619,MARIO FELIPE YAC HUIX,DANILO ITZEP GUIX,PARVULOS,OFICIAL,RURAL,ABIERTA,MONOLINGUE,MATUTINA,DIARIO(REGULAR),TOTONICAPÁN
08-05-1765-42,08-009,TOTONICAPAN,MOMOSTENANGO,EODP ANEXA A EORM,PARAJE PASAQUIQUIN ALDEA TIERRA COLORADA,,HEBERTO WOTZBELI PALACIOS JUC,,PARVULOS,OFICIAL,RURAL,CERRADA TEMPORALMENTE,MONOLINGUE,MATUTINA,DIARIO(REGULAR),TOTONICAPÁN
08-05-1937-42,08-05-0405,TOTONICAPAN,MOMOSTENANGO,EODP ANEXA A EORM,ALDEA LOS CIPRESES,53834976,FREDY GEOVANNI BATZ ZAPETA,CECILIO ANTONIO TZICAP TZUNÚN,PARVULOS,OFICIAL,RURAL,ABIERTA,MONOLINGUE,MATUTINA,DIARIO(REGULAR),TOTONICAPÁN
08-05-1992-42,26-037,TOTONICAPAN,MOMOSTENANGO,EDAC -PRONADE- ANEXA,CASERIO PANCA,,PROYECTO FUNDAP,,PARVULOS,OFICIAL,RURAL,CERRADA DEFINITIVAMENTE,MONOLINGUE,MATUTINA,DIARIO(REGULAR),TOTONICAPÁN
08-05-1993-42,26-037,TOTONICAPAN,MOMOSTENANGO,EDAC -PRONADE- ANEXA,PARAJE CENTRO CHOPITZAL ALDEA PITZAL,,PROYECTO FUNDAP,,PARVULOS,OFICIAL,RURAL,CERRADA DEFINITIVAMENTE,MONOLINGUE,MATUTINA,DIARIO(REGULAR),TOTONICAPÁN
08-05-1994-42,26-037,TOTONICAPAN,MOMOSTENANGO,EDAC -PRONADE- ANEXA,PARAJE CENTRO ALDEA SAN ANTONIO PASAJOC,,PROYECTO FUNDAP,,PARVULOS,OFICIAL,RURAL,CERRADA DEFINITIVAMENTE,MONOLINGUE,MATUTINA,DIARIO(REGULAR),TOTONICAPÁN
08-05-1995-42,26-037,TOTONICAPAN,MOMOSTENANGO,EDAC -PRONADE-ANEXA,PARAJE CHIRIJQUEMEYA ALDEA SAN ANTONIO PASAJOC,,PROYECTO FUNDAP,,PARVULOS,OFICIAL,RURAL,CERRADA DEFINITIVAMENTE,MONOLINGUE,MATUTINA,DIARIO(REGULAR),TOTONICAPÁN
08-05-1996-42,26-037,TOTONICAPAN,MOMOSTENANGO,EDAC -PRONADE- ANEXA,BARRIO SANTA ISABEL PARAJE CHOCAMAN,,PROYECTO FUNDAP,,PARVULOS,OFICIAL,RURAL,CERRADA DEFINITIVAMENTE,MONOLINGUE,MATUTINA,DIARIO(REGULAR),TOTONICAPÁN
08-05-1997-42,26-037,TOTONICAPAN,MOMOSTENANGO,EDAC -PRONADE-ANEXA,BARRIO SANTA ANA PARAJE CHUINIMAJUYUB,,PROYECTO FUNDAP,,PARVULOS,OFICIAL,RURAL,CERRADA DEFINITIVAMENTE,MONOLINGUE,MATUTINA,DIARIO(REGULAR),TOTONICAPÁN
08-05-1998-42,26-037,TOTONICAPAN,MOMOSTENANGO,EDAC -PRONADE-ANEXA,BARRIO SANTA ANA PARAJE KACB'ACHUY,,PROYECTO FUNDAP,,PARVULOS,OFICIAL,RURAL,CERRADA DEFINITIVAMENTE,MONOLINGUE,MATUTINA,DIARIO(REGULAR),TOTONICAPÁN
08-05-1999-42,26-037,TOTONICAPAN,MOMOSTENANGO,EDAC -PRONADE- ANEXA,PARAJE LA CUMBRE ALDEA SAN ANTONIO PASAJOC,,PROYECTO FUNDAP,,PARVULOS,OFICIAL,RURAL,CERRADA DEFINITIVAMENTE,MONOLINGUE,MATUTINA,DIARIO(REGULAR),TOTONICAPÁN
08-05-2000-42,26-069,TOTONICAPAN,MOMOSTENANGO,EDAC -PRONADE-ANEXA,BARRIO SANTA ANA PARAJE PACHAWACAN,,PROYECTO MOCASA,,PARVULOS,OFICIAL,RURAL,CERRADA DEFINITIVAMENTE,MONOLINGUE,MATUTINA,DIARIO(REGULAR),TOTONICAPÁN
08-05-2001-42,26-069,TOTONICAPAN,MOMOSTENANGO,EDAC -PRONADE-ANEXA,BARRIO SANTA ANA PARAJE PACOXLAJ,,PROYECTO MOCASA,,PARVULOS,OFICIAL,RURAL,CERRADA DEFINITIVAMENTE,MONOLINGUE,MATUTINA,DIARIO(REGULAR),TOTONICAPÁN
08-05-2002-42,26-037,TOTONICAPAN,MOMOSTENANGO,EDAC -PRONADE- ANEXA,BARRIO PATZITE PARAJE PATURAS,,PROYECTO FUNDAP,,PARVULOS,OFICIAL,RURAL,CERRADA DEFINITIVAMENTE,MONOLINGUE,MATUTINA,DIARIO(REGULAR),TOTONICAPÁN
08-05-2003-42,26-037,TOTONICAPAN,MOMOSTENANGO,EDAC -PRONADE-ANEXA,PARAJE SICALBE CASERIO SAN JOSE SIGUILA,,PROYECTO FUNDAP,,PARVULOS,OFICIAL,RURAL,CERRADA DEFINITIVAMENTE,MONOLINGUE,MATUTINA,DIARIO(REGULAR),TOTONICAPÁN
08-05-2049-42,08-014,TOTONICAPAN,MOMOSTENANGO,COLEGIO MESOAMERICANO MOMOSTENANGO,4A. AVENIDA 4-66 ZONA 4,77365329,MARVIN ALEJANDRO BATEN AJANEL,KATHLEEN ABIGAIL ZÁRATE BERNAL,PARVULOS,PRIVADO,URBANA,CERRADA DEFINITIVAMENTE,MONOLINGUE,MATUTINA,DIARIO(REGULAR),TOTONICAPÁN
08-05-2102-42,08-05-0412,TOTONICAPAN,MOMOSTENANGO,EODP ANEXA A EORM DIEGO VICENTE,ALDEA SAN VICENTE BUENABAJ,50390826,CONSTANTINO VICENTE VICENTE,ADMA RAQUEL IXMAY REYES,PARVULOS,OFICIAL,RURAL,ABIERTA,MONOLINGUE,MATUTINA,DIARIO(REGULAR),TOTONICAPÁN
08-05-2103-42,08-05-0412,TOTONICAPAN,MOMOSTENANGO,EODP ANEXA A EORM,CASERIO PASAC ALDEA SAN VICENTE BUENABAJ,55602265,CONSTANTINO VICENTE VICENTE,LIANDRA ALICIA LÓPEZ VICENTE,PARVULOS,OFICIAL,RURAL,ABIERTA,MONOLINGUE,MATUTINA,DIARIO(REGULAR),TOTONICAPÁN
08-05-2113-42,08-05-0407,TOTONICAPAN,MOMOSTENANGO,COLEGIO ADVENTISTA EL ALBA,1A. CALLE 2-81 ZONA 4 BARRIO SANTA ISABEL,77365463,JUAN BAUTISTA MENCHÚ AJCÁ,ELDEN MANUEL QUIEJ ACABAL,PARVULOS,PRIVADO,URBANA,ABIERTA,MONOLINGUE,MATUTINA,DIARIO(REGULAR),TOTONICAPÁN
08-05-2194-42,26-037,TOTONICAPAN,MOMOSTENANGO,EDAC -PRONADE- ANEXA,CASERIO SAN LUIS ALDEA LOS CIPRESES,,PROYECTO FUNDAP,,PARVULOS,OFICIAL,RURAL,CERRADA DEFINITIVAMENTE,MONOLINGUE,MATUTINA,DIARIO(REGULAR),TOTONICAPÁN
08-05-2195-42,26-069,TOTONICAPAN,MOMOSTENANGO,EDAC -PRONADE- ANEXA,PARAJE BUENOS AIRES CASERIO RACHOQUEL ALDEA XEQUEMEYA,,PROYECTO MOCASA,,PARVULOS,OFICIAL,RURAL,CERRADA DEFINITIVAMENTE,MONOLINGUE,MATUTINA,DIARIO(REGULAR),TOTONICAPÁN
08-05-2196-42,26-037,TOTONICAPAN,MOMOSTENANGO,EDAC -PRONADE- ANEXA,PARAJE CHACALTE ALDEA TUNAYAC,,PROYECTO FUNDAP,,PARVULOS,OFICIAL,RURAL,CERRADA DEFINITIVAMENTE,MONOLINGUE,MATUTINA,DIARIO(REGULAR),TOTONICAPÁN
08-05-2197-42,26-069,TOTONICAPAN,MOMOSTENANGO,EDAC -PRONADE- ANEXA,PARAJE CHICHO ALDEA TZANJON,,PROYECTO MOCASA,,PARVULOS,OFICIAL,RURAL,CERRADA DEFINITIVAMENTE,MONOLINGUE,MATUTINA,DIARIO(REGULAR),TOTONICAPÁN
08-05-2198-42,26-037,TOTONICAPAN,MOMOSTENANGO,EDAC -PRONADE- ANEXA,PARAJE CHIPANQUI ALDEA TIERRA BLANCA,,PROYECTO FUNDAP,,PARVULOS,OFICIAL,RURAL,CERRADA DEFINITIVAMENTE,MONOLINGUE,MATUTINA,DIARIO(REGULAR),TOTONICAPÁN
08-05-2199-42,26-037,TOTONICAPAN,MOMOSTENANGO,EDAC -PRONADE- ANEXA,PARAJE CHUCAPJA ALDEA TIERRA COLORADA,,PROYECTO FUNDAP,,PARVULOS,OFICIAL,RURAL,CERRADA DEFINITIVAMENTE,MONOLINGUE,MATUTINA,DIARIO(REGULAR),TOTONICAPÁN
08-05-2200-42,26-037,TOTONICAPAN,MOMOSTENANGO,EDAC -PRONADE- ANEXA,BARRIO SANTA CATARINA PARAJE PATUKUR,,PROYECTO FUNDAP,,PARVULOS,OFICIAL,RURAL,CERRADA DEFINITIVAMENTE,MONOLINGUE,MATUTINA,DIARIO(REGULAR),TOTONICAPÁN
08-05-2201-42,26-038,TOTONICAPAN,MOMOSTENANGO,EDAC -PRONADE- ANEXA,PARAJE SALITRE DEL CONEJO ALDEA PUEBLO VIEJO,,PROYECTO FUNDAP,,PARVULOS,OFICIAL,RURAL,CERRADA DEFINITIVAMENTE,MONOLINGUE,MATUTINA,DIARIO(REGULAR),TOTONICAPÁN
08-05-2202-42,26-069,TOTONICAPAN,MOMOSTENANGO,EDAC -PRONADE- ANEXA,BARRIO SANTA ANA PARAJE XEJULUTIU,,PROYECTO MOCASA,,PARVULOS,OFICIAL,RURAL,CERRADA DEFINITIVAMENTE,MONOLINGUE,MATUTINA,DIARIO(REGULAR),TOTONICAPÁN
08-05-2243-42,08-001,TOTONICAPAN,MOMOSTENANGO,COLEGIO PRIVADO MIXTO 'PANAMERICANO',2A. AV. 7-25 ZONA 3,,MIGUEL AJPOP VÁSQUEZ,,PARVULOS,PRIVADO,URBANA,CERRADA TEMPORALMENTE,MONOLINGUE,MATUTINA,DIARIO(REGULAR),TOTONICAPÁN
08-05-2313-42,08-017,TOTONICAPAN,MOMOSTENANGO,EODP,PARAJE PABAQUIT ALDEA SANTA ANA,40579283,MARIO FELIPE YAC HUIX,CLAUDIA DANIELA SAY BATZ,PARVULOS,OFICIAL,RURAL,CERRADA TEMPORALMENTE,MONOLINGUE,DOBLE,DIARIO(REGULAR),TOTONICAPÁN
08-05-2318-42,08-05-0406,TOTONICAPAN,MOMOSTENANGO,EODP,PARAJE XEXIGUIT DEL BARRIO SANTA ISABEL,32456467,PABLO MALAQUÍAS BÁTEN XILOJ,KAREN ROCÍO PÉREZ ALVARADO,PARVULOS,OFICIAL,RURAL,ABIERTA,MONOLINGUE,DOBLE,DIARIO(REGULAR),TOTONICAPÁN
08-05-2322-42,26-069,TOTONICAPAN,MOMOSTENANGO,EDAC -PRONADE- ANEXA,COMUNIDAD CHUINAJTAJUYUB PARAJE NINTZITUJ CASERIO CANKIXAJA,,PROYECTO MOCASA,,PARVULOS,OFICIAL,RURAL,CERRADA DEFINITIVAMENTE,MONOLINGUE,MATUTINA,DIARIO(REGULAR),TOTONICAPÁN
08-05-2323-42,26-037,TOTONICAPAN,MOMOSTENANGO,EDAC -PRONADE- ANEXA,PARAJE PATRUBALA ALDEA TZANJON,,PROYECTO FUNDAP,,PARVULOS,OFICIAL,RURAL,CERRADA DEFINITIVAMENTE,MONOLINGUE,MATUTINA,DIARIO(REGULAR),TOTONICAPÁN
08-05-2329-42,26-037,TOTONICAPAN,MOMOSTENANGO,EDAC -PRONADE- ANEXA,SECTOR SAN LUIS PARAJE PAMUMUS ALDEA SANTA ANA,,PROYECTO FUNDAP,,PARVULOS,OFICIAL,RURAL,CERRADA DEFINITIVAMENTE,MONOLINGUE,MATUTINA,DIARIO(REGULAR),TOTONICAPÁN
08-05-2346-42,08-05-0406,TOTONICAPAN,MOMOSTENANGO,"COLEGIO MIXTO ""SANTIAGO""",CASA PARROQUIAL 02 AV. 02-58 A ZONA 1. CASA PARROQUIAL,77365277,PABLO MALAQUÍAS BÁTEN XILOJ,PAULINA ROSÁLIA TZOC VELÁSQUEZ,PARVULOS,PRIVADO,URBANA,ABIERTA,MONOLINGUE,MATUTINA,DIARIO(REGULAR),TOTONICAPÁN
08-05-2358-42,26-038,TOTONICAPAN,MOMOSTENANGO,EDAC -PRONADE- ANEXA,PARAJE BELLA VISTA CASERIO RACHOQUEL ALDEA XEQUEMOYA,,PROYECTO FUNDAP,,PARVULOS,OFICIAL,RURAL,CERRADA DEFINITIVAMENTE,MONOLINGUE,MATUTINA,DIARIO(REGULAR),TOTONICAPÁN
08-05-2359-42,26-038,TOTONICAPAN,MOMOSTENANGO,EDAC -PRONADE- ANEXA,BARRIO SANTA ANA PARAJE CHOPULAJA,,PROYECTO FUNDAP,,PARVULOS,OFICIAL,RURAL,CERRADA DEFINITIVAMENTE,MONOLINGUE,MATUTINA,DIARIO(REGULAR),TOTONICAPÁN
08-05-2360-42,26-037,TOTONICAPAN,MOMOSTENANGO,EDAC -PRONADE- ANEXA,"PARAJE PACAMAN, PAMUMUS",,PROYECTO FUNDAP,,PARVULOS,OFICIAL,RURAL,CERRADA DEFINITIVAMENTE,MONOLINGUE,MATUTINA,DIARIO(REGULAR),TOTONICAPÁN
08-05-2361-42,26-038,TOTONICAPAN,MOMOSTENANGO,EDAC -PRONADE- ANEXA,PARAJE EL MIRADOR CASERIO JUTACAJ ALDEA XEQUEMEYA,,PROYECTO FUNDAP,,PARVULOS,OFICIAL,RURAL,CERRADA DEFINITIVAMENTE,MONOLINGUE,MATUTINA,DIARIO(REGULAR),TOTONICAPÁN
08-05-2362-42,26-038,TOTONICAPAN,MOMOSTENANGO,EDAC -PRONADE- ANEXA,PARAJE SAQK'IMILAJ CASERIO JUTACAJ,,PROYECTO FUNDAP,,PARVULOS,OFICIAL,RURAL,CERRADA DEFINITIVAMENTE,MONOLINGUE,MATUTINA,DIARIO(REGULAR),TOTONICAPÁN
08-05-2363-42,26-037,TOTONICAPAN,MOMOSTENANGO,EDAC -PRONADE- ANEXA,PARAJE PAXAQ ALDEA XEQUEMEYA,,PROYECTO FUNDAP,,PARVULOS,OFICIAL,RURAL,CERRADA DEFINITIVAMENTE,MONOLINGUE,MATUTINA,DIARIO(REGULAR),TOTONICAPÁN
08-05-2364-42,26-037,TOTONICAPAN,MOMOSTENANGO,EDAC -PRONADE- ANEXA,PARAJE PATZ'UNUJ ALDEA SANTA ANA,,PROYECTO FUNDAP,,PARVULOS,OFICIAL,RURAL,CERRADA DEFINITIVAMENTE,MONOLINGUE,MATUTINA,DIARIO(REGULAR),TOTONICAPÁN
08-05-2384-42,08-05-0406,TOTONICAPAN,MOMOSTENANGO,COLEGIO HNO. PEDRO DE BETHANCOURT,2DA. CALLE 3-68 ZONA 1,59947786,PABLO MALAQUÍAS BÁTEN XILOJ,ANA YESSENIA PÉREZ ZÁRATE,PARVULOS,PRIVADO,URBANA,ABIERTA,MONOLINGUE,MATUTINA,DIARIO(REGULAR),TOTONICAPÁN
08-05-2395-42,26-038,TOTONICAPAN,MOMOSTENANGO,EDAC -PRONADE- ANEXA,PARAJE LA LAGUNA CASERIO PANCA,,PROYECTO FUNDAP,,PARVULOS,OFICIAL,RURAL,CERRADA DEFINITIVAMENTE,MONOLINGUE,MATUTINA,DIARIO(REGULAR),TOTONICAPÁN
08-05-2396-42,26-038,TOTONICAPAN,MOMOSTENANGO,EDAC -PRONADE- ANEXA,CASERIO JUTACAJ PARAJE XESACLAC ALDEA XEQUEMEYA,,PROYECTO FUNDAP,,PARVULOS,OFICIAL,RURAL,CERRADA DEFINITIVAMENTE,MONOLINGUE,MATUTINA,DIARIO(REGULAR),TOTONICAPÁN
08-05-2397-42,26-038,TOTONICAPAN,MOMOSTENANGO,EDAC -PRONADE- ANEXA,BARRIO EL MIRADOR NUMERO 2 CASERIO CHIPUERTA ALDEA SAN VICENTE BUENABAJ,,PROYECTO FUNDAP,,PARVULOS,OFICIAL,RURAL,CERRADA DEFINITIVAMENTE,MONOLINGUE,MATUTINA,DIARIO(REGULAR),TOTONICAPÁN
08-05-2471-42,26-037,TOTONICAPAN,MOMOSTENANGO,EDAC -PRONADE- ANEXA,PARAJE PAXMARAMAC ALDEA PATULUP,,PROYECTO FUNDAP,,PARVULOS,OFICIAL,RURAL,CERRADA DEFINITIVAMENTE,MONOLINGUE,MATUTINA,DIARIO(REGULAR),TOTONICAPÁN
08-06-0002-42,08-06-0415,TOTONICAPAN,SANTA MARIA CHIQUIMULA,EODP ANEXA A EORM,"PARAJE PACHUN, ALDEA XESANA",33171996,NIGER MANAEN GUOX IXCOY,EFRAÍN FÉLIX TZUL TZUL,PARVULOS,OFICIAL,RURAL,ABIERTA,MONOLINGUE,MATUTINA,DIARIO(REGULAR),TOTONICAPÁN
08-06-0005-42,08-06-0416,TOTONICAPAN,SANTA MARIA CHIQUIMULA,"COLEGIO PRIVADO MIXTO ""FLOR DE MARÍA""",CALLE REAL AL CEMENTERIO,45665179,AUGUSTO DOROTEO CAC LUX,CARLOS ENRIQUE CHACAJ CARRILLO,PARVULOS,PRIVADO,URBANA,ABIERTA,BILINGUE,MATUTINA,DIARIO(REGULAR),TOTONICAPÁN
08-06-0007-42,08-06-0415,TOTONICAPAN,SANTA MARIA CHIQUIMULA,EODP ANEXA EORM,PARAJE XECRUZ ALDEA EL RANCHO,46044919,NIGER MANAEN GUOX IXCOY,ELMER HODIAS IXCOTEYAC TZUNUX,PARVULOS,OFICIAL,RURAL,ABIERTA,MONOLINGUE,MATUTINA,DIARIO(REGULAR),TOTONICAPÁN
08-06-0009-42,26-040,TOTONICAPAN,SANTA MARIA CHIQUIMULA,"EODP PARAJE CHICHIC Y CHILUX, ALDEA CHUACORRAL UNO",PARAJE CHICHIC Y CHILUX ALDEA CHUACORRAL UNO,,PROYECTO PRODI,,PARVULOS,OFICIAL,RURAL,CERRADA DEFINITIVAMENTE,MONOLINGUE,MATUTINA,DIARIO(REGULAR),TOTONICAPÁN
08-06-0010-42,08-06-0416,TOTONICAPAN,SANTA MARIA CHIQUIMULA,EODP ANEXA EORM,PARAJE CHICASTRO ALDEA PATZAM,30670627,AUGUSTO DOROTEO CAC LUX,MARIELA MAGDALENA CARRILLO JOJ,PARVULOS,OFICIAL,RURAL,ABIERTA,MONOLINGUE,MATUTINA,DIARIO(REGULAR),TOTONICAPÁN
08-06-0029-42,08-06-0415,TOTONICAPAN,SANTA MARIA CHIQUIMULA,EODP,PARAJE CHIXCOTEYAC ALDEA EL RANCHO,58172409,NIGER MANAEN GUOX IXCOY,CARLOS ANDRÉS MORALES BAQUIAX,PARVULOS,OFICIAL,RURAL,ABIERTA,MONOLINGUE,DOBLE,DIARIO(REGULAR),TOTONICAPÁN
08-06-0058-42,08-020,TOTONICAPAN,SANTA MARIA CHIQUIMULA,EODP ANEXA A EORM,"PARAJE CHICHIC Y CHILUX, ALDEA CHUACORRAL UNO",,JORGE ABRAHAM YAX PÉREZ,---,PARVULOS,OFICIAL,RURAL,CERRADA TEMPORALMENTE,MONOLINGUE,MATUTINA,DIARIO(REGULAR),TOTONICAPÁN
08-06-0331-42,08-06-0416,TOTONICAPAN,SANTA MARIA CHIQUIMULA,EODP ANEXA A EOUM MARIO MENDEZ MONTENEGRO,CANTON CENTRO,33303939,AUGUSTO DOROTEO CAC LUX,MARCOS OSORIO TUM,PARVULOS,OFICIAL,URBANA,ABIERTA,MONOLINGUE,MATUTINA,DIARIO(REGULAR),TOTONICAPÁN
08-06-0562-42,,TOTONICAPAN,SANTA MARIA CHIQUIMULA,EODP ANEXO A EORM 'PILAR SERRANO DE LOPEZ',CANTON CHUACORRAL,,,,PARVULOS,OFICIAL,RURAL,CERRADA TEMPORALMENTE,MONOLINGUE,MATUTINA,DIARIO(REGULAR),TOTONICAPÁN
08-06-0576-42,08-012,TOTONICAPAN,SANTA MARIA CHIQUIMULA,EODP ANEXA EORM,PARAJE PACHUN ALDEA XESANA,,PEDRO JOSÉ CHÁN RALAC,,PARVULOS,OFICIAL,RURAL,CERRADA TEMPORALMENTE,MONOLINGUE,VESPERTINA,DIARIO(REGULAR),TOTONICAPÁN
08-06-1698-42,,TOTONICAPAN,SANTA MARIA CHIQUIMULA,CEIN -PAIN-,CANTON CHOACORRAL,,,,PARVULOS,OFICIAL,RURAL,CERRADA TEMPORALMENTE,MONOLINGUE,MATUTINA,DIARIO(REGULAR),TOTONICAPÁN
08-06-1699-42,,TOTONICAPAN,SANTA MARIA CHIQUIMULA,CEIN -PAIN-,ALDEA RACANA,,,,PARVULOS,OFICIAL,RURAL,CERRADA TEMPORALMENTE,MONOLINGUE,MATUTINA,DIARIO(REGULAR),TOTONICAPÁN
08-06-1737-42,08-012,TOTONICAPAN,SANTA MARIA CHIQUIMULA,EODP ANEXO A EORM,PARAJE CHICHIC Y CHILUX ALDEA CHUACORRAL I,,PEDRO JOSÉ CHÁN RALAC,,PARVULOS,OFICIAL,RURAL,CERRADA DEFINITIVAMENTE,MONOLINGUE,MATUTINA,DIARIO(REGULAR),TOTONICAPÁN
08-06-1900-42,,TOTONICAPAN,SANTA MARIA CHIQUIMULA,EODP,PARAJE CENTRO CHUISACTOL,,,,PARVULOS,OFICIAL,RURAL,CERRADA TEMPORALMENTE,MONOLINGUE,MATUTINA,DIARIO(REGULAR),TOTONICAPÁN
08-06-2016-42,26-069,TOTONICAPAN,SANTA MARIA CHIQUIMULA,EDAC -PRONADE- ANEXA,PARAJE CARRILLO ALDEA XECACHELAJ,,PROYECTO MOCASA,,PARVULOS,OFICIAL,RURAL,CERRADA DEFINITIVAMENTE,MONOLINGUE,MATUTINA,DIARIO(REGULAR),TOTONICAPÁN
08-06-2017-42,26-037,TOTONICAPAN,SANTA MARIA CHIQUIMULA,EDAC -PRONADE-ANEXA,PARAJE XECRUZ ALDEA EL RANCHO,,PROYECTO FUNDAP,,PARVULOS,OFICIAL,RURAL,CERRADA DEFINITIVAMENTE,MONOLINGUE,MATUTINA,DIARIO(REGULAR),TOTONICAPÁN
08-06-2104-42,,TOTONICAPAN,SANTA MARIA CHIQUIMULA,EODP ANEXA A EORM,ALDEA EL RANCHO,,,,PARVULOS,OFICIAL,RURAL,CERRADA DEFINITIVAMENTE,MONOLINGUE,VESPERTINA,DIARIO(REGULAR),TOTONICAPÁN
08-06-2212-42,26-069,TOTONICAPAN,SANTA MARIA CHIQUIMULA,EDAC -PRONADE- ANEXA,"PARAJE XOLJA, DE LA ALDEA XESANA",,PROYECTO MOCASA,,PARVULOS,OFICIAL,RURAL,CERRADA DEFINITIVAMENTE,MONOLINGUE,MATUTINA,DIARIO(REGULAR),TOTONICAPÁN
08-06-2324-42,26-040,TOTONICAPAN,SANTA MARIA CHIQUIMULA,EDAC -PRONADE- ANEXA,PARAJE CHICHIC Y CHILUX ALDEA CHUACORRAL UNO,,PROYECTO PRODI,,PARVULOS,OFICIAL,RURAL,CERRADA DEFINITIVAMENTE,MONOLINGUE,MATUTINA,DIARIO(REGULAR),TOTONICAPÁN
08-06-2325-42,26-038,TOTONICAPAN,SANTA MARIA CHIQUIMULA,EDAC -PRONADE- ANEXA,PARAJE PANTZAC II ALDEA RACANA,,PROYECTO FUNDAP,,PARVULOS,OFICIAL,RURAL,CERRADA DEFINITIVAMENTE,MONOLINGUE,MATUTINA,DIARIO(REGULAR),TOTONICAPÁN
08-06-2375-42,08-006,TOTONICAPAN,SANTA MARIA CHIQUIMULA,EODP ANEXA A EORM,PARAJE PACHUN ALDEA XESANA,,JOSÉ MANUEL CASTRO GUTIÉRREZ,,PARVULOS,OFICIAL,RURAL,CERRADA TEMPORALMENTE,MONOLINGUE,MATUTINA,DIARIO(REGULAR),TOTONICAPÁN
08-06-2388-42,08-019,TOTONICAPAN,SANTA MARIA CHIQUIMULA,COLEGIO CRISTIANO MIXTO RHEMA,2A. CALLE 5-45 ZONA 2,33279988,MAURICIO OSORIO TZUNUX,LISBETH LORENA IMUL IXCOTEYAC,PARVULOS,PRIVADO,URBANA,CERRADA TEMPORALMENTE,MONOLINGUE,VESPERTINA,DIARIO(REGULAR),TOTONICAPÁN
08-06-2398-42,26-038,TOTONICAPAN,SANTA MARIA CHIQUIMULA,EDAC -PRONADE- ANEXA,PARAJE CANASTA SECA ALDEA CHUACORRAL,,PROYECTO FUNDAP,,PARVULOS,OFICIAL,RURAL,CERRADA DEFINITIVAMENTE,MONOLINGUE,MATUTINA,DIARIO(REGULAR),TOTONICAPÁN
08-06-2399-42,26-038,TOTONICAPAN,SANTA MARIA CHIQUIMULA,EDAC -PRONADE- ANEXA,PARAJE CHICASTRO ALDEA PATZAM,,PROYECTO FUNDAP,,PARVULOS,OFICIAL,RURAL,CERRADA DEFINITIVAMENTE,MONOLINGUE,MATUTINA,DIARIO(REGULAR),TOTONICAPÁN
08-06-2400-42,26-038,TOTONICAPAN,SANTA MARIA CHIQUIMULA,EDAC -PRONADE- ANEXA,PARAJE CHUASIGUAN CHICASTRO ALDEA PATZAM,,PROYECTO FUNDAP,,PARVULOS,OFICIAL,RURAL,CERRADA DEFINITIVAMENTE,MONOLINGUE,MATUTINA,DIARIO(REGULAR),TOTONICAPÁN
08-07-0001-42,08-014,TOTONICAPAN,SANTA LUCIA LA REFORMA,COPB ANEXO A EORM,CASERIO PIEDRA TAMBOR CANTON SAN LUIS SIBILA,,MARVIN ALEJANDRO BATEN AJANEL,---,PARVULOS,OFICIAL,RURAL,CERRADA DEFINITIVAMENTE,BILINGUE,MATUTINA,DIARIO(REGULAR),TOTONICAPÁN
08-07-0034-42,08-07-0418,TOTONICAPAN,SANTA LUCIA LA REFORMA,EODP,CENTRO DE SANTA LUCIA LA REFORMA,47778778,ISAAC ESTEBAN CHIVALÁN AJMAC,ROCIO ADELY GIRÓN GÓMEZ,PARVULOS,OFICIAL,URBANA,ABIERTA,MONOLINGUE,DOBLE,DIARIO(REGULAR),TOTONICAPÁN
08-07-1904-42,08-07-0418,TOTONICAPAN,SANTA LUCIA LA REFORMA,EODP ANEXA A EOUM,TOTONICAPAN,50569890,ISAAC ESTEBAN CHIVALÁN AJMAC,EDGAR GEOVANI MAZARIEGOS MONTERROSO,PARVULOS,OFICIAL,URBANA,ABIERTA,MONOLINGUE,MATUTINA,DIARIO(REGULAR),TOTONICAPÁN
08-07-2014-42,26-069,TOTONICAPAN,SANTA LUCIA LA REFORMA,EDAC -PRONADE- ANEXA,CASERIO PACABRICAN CANTON SAN LUIS SIBILA,,PROYECTO MOCASA,,PARVULOS,OFICIAL,RURAL,CERRADA DEFINITIVAMENTE,MONOLINGUE,MATUTINA,DIARIO(REGULAR),TOTONICAPÁN
08-07-2015-42,08-07-0419,TOTONICAPAN,SANTA LUCIA LA REFORMA,EODP ANEXA A EORM,CANTON ICHOMCHAJ,54309773,JUAN AURELIO CHIVALÁN LUX,DIEGO OSCAR TZOY CHACAJ,PARVULOS,OFICIAL,RURAL,ABIERTA,MONOLINGUE,MATUTINA,DIARIO(REGULAR),TOTONICAPÁN
08-07-2028-42,,TOTONICAPAN,SANTA LUCIA LA REFORMA,EODP ANEXA EORM,CANTON GUALTUX,,,,PARVULOS,OFICIAL,RURAL,CERRADA DEFINITIVAMENTE,MONOLINGUE,MATUTINA,DIARIO(REGULAR),TOTONICAPÁN
08-07-2172-42,08-007,TOTONICAPAN,SANTA LUCIA LA REFORMA,EODP ANEXA A EORM,CANTON SACASIGUAN,,YESENIA CAROLINA TACAM MORALES,,PARVULOS,OFICIAL,RURAL,CERRADA TEMPORALMENTE,MONOLINGUE,MATUTINA,DIARIO(REGULAR),TOTONICAPÁN
08-07-2174-42,08-007,TOTONICAPAN,SANTA LUCIA LA REFORMA,EODP ANEXA A EORM,PARAJE CACUBEN CANTON SACASIGUAN,,YESENIA CAROLINA TACAM MORALES,,PARVULOS,OFICIAL,RURAL,CERRADA TEMPORALMENTE,MONOLINGUE,MATUTINA,DIARIO(REGULAR),TOTONICAPÁN
08-07-2175-42,08-021,TOTONICAPAN,SANTA LUCIA LA REFORMA,EODP ANEXA A EORM,PARAJE PAMOCHEN ALDEA PAMARIA,,ISAAC ESTEBAN CHIVALÁN AJMAC,,PARVULOS,OFICIAL,RURAL,CERRADA TEMPORALMENTE,MONOLINGUE,MATUTINA,DIARIO(REGULAR),TOTONICAPÁN
08-07-2211-42,26-069,TOTONICAPAN,SANTA LUCIA LA REFORMA,EDAC -PRONADE- ANEXA,PARAJE PAVIOLIN CANTON SAN LUIS SIBILA,,PROYECTO MOCASA,,PARVULOS,OFICIAL,RURAL,CERRADA DEFINITIVAMENTE,MONOLINGUE,MATUTINA,DIARIO(REGULAR),TOTONICAPÁN
08-07-2237-42,26-069,TOTONICAPAN,SANTA LUCIA LA REFORMA,EDAC PRONADE ANEXA,PARAJE CENTRO ICHOMCHAJ CANTON ICHOMCHAJ,,PROYECTO MOCASA,,PARVULOS,OFICIAL,RURAL,CERRADA DEFINITIVAMENTE,MONOLINGUE,MATUTINA,DIARIO(REGULAR),TOTONICAPÁN
08-07-2314-42,27-007,TOTONICAPAN,SANTA LUCIA LA REFORMA,PROGRAMA HOGARES COMUNITARIOS (SOSEP),8A. CALLE 5A. AV. 7-54 ZONA 4 TOTONICAPAN,7664236 CEL. 3953367,LUSBI ESTEBAN,,PARVULOS,OFICIAL,RURAL,CERRADA DEFINITIVAMENTE,MONOLINGUE,DOBLE,DIARIO(REGULAR),TOTONICAPÁN
08-07-2365-42,26-038,TOTONICAPAN,SANTA LUCIA LA REFORMA,EDAC -PRONADE- ANEXA,PARAJE XESACLAC CANTON CHIGUAN,,PROYECTO FUNDAP,,PARVULOS,OFICIAL,RURAL,CERRADA DEFINITIVAMENTE,MONOLINGUE,MATUTINA,DIARIO(REGULAR),TOTONICAPÁN
08-07-2401-42,26-041,TOTONICAPAN,SANTA LUCIA LA REFORMA,EDAC -PRONADE- ANEXA,PARAJE PORONCHAJ CANTON SACASIGUAN,,PROYECTO COMADEP,,PARVULOS,OFICIAL,RURAL,CERRADA DEFINITIVAMENTE,MONOLINGUE,MATUTINA,DIARIO(REGULAR),TOTONICAPÁN
08-07-2402-42,26-038,TOTONICAPAN,SANTA LUCIA LA REFORMA,EDAC -PRONADE- ANEXA,PARAJE XEQUELAJ CANTON GUALTUX,,PROYECTO FUNDAP,,PARVULOS,OFICIAL,RURAL,CERRADA DEFINITIVAMENTE,MONOLINGUE,MATUTINA,DIARIO(REGULAR),TOTONICAPÁN
08-07-2403-42,26-041,TOTONICAPAN,SANTA LUCIA LA REFORMA,EDAC -PRONADE- ANEXA,PARAJE CHUACHIOJ CANTON GUALTUX,,PROYECTO COMADEP,,PARVULOS,OFICIAL,RURAL,CERRADA DEFINITIVAMENTE,MONOLINGUE,MATUTINA,DIARIO(REGULAR),TOTONICAPÁN
08-08-0004-42,26-037,TOTONICAPAN,SAN BARTOLO AGUAS CALIENTES,EDAC -PRONADE- ANEXA,"CASERIO ANTIGUA, ALDEA PARRAXCHAJ",,PROYECTO FUNDAP,---,PARVULOS,OFICIAL,RURAL,CERRADA DEFINITIVAMENTE,MONOLINGUE,MATUTINA,DIARIO(REGULAR),TOTONICAPÁN
08-08-0006-42,08-08-0421,TOTONICAPAN,SAN BARTOLO AGUAS CALIENTES,EODP ANEXA EORM,"CASERIO ANTIGUA, ALDEA PARRAXCHAJ",57083306,ERICA ELENA MARTÍNEZ CHUN DE SONTAY,EDDIN SERGIO LARIAS TZARAX,PARVULOS,OFICIAL,RURAL,ABIERTA,MONOLINGUE,MATUTINA,DIARIO(REGULAR),TOTONICAPÁN
08-08-0021-42,08-08-0420,TOTONICAPAN,SAN BARTOLO AGUAS CALIENTES,EODP ANEXA A EORM,"PARAJE CHICORRAL, ALDEA PATULP",55274847,JOSÉ FELICIANO PÉREZ CHAMPET,LIZANDRO ENRIQUE DÍAZ CARBAJAL,PARVULOS,OFICIAL,RURAL,ABIERTA,MONOLINGUE,MATUTINA,DIARIO(REGULAR),TOTONICAPÁN
08-08-0025-42,08-08-0420,TOTONICAPAN,SAN BARTOLO AGUAS CALIENTES,EODP,4TA. AV. 4-13 ZONA 4,36218609,JOSÉ FELICIANO PÉREZ CHAMPET,OTILIA IXCHEL ROSALES ZAPETA,PARVULOS,OFICIAL,URBANA,ABIERTA,MONOLINGUE,DOBLE,DIARIO(REGULAR),TOTONICAPÁN
08-08-0030-42,08-08-0421,TOTONICAPAN,SAN BARTOLO AGUAS CALIENTES,CEIN-PAIN ANEXO A EORM PARAJE CHUISOCOP,PARAJE CHUISOCOP ALDEA BUENA VISTA,40221617,ERICA ELENA MARTÍNEZ CHUN DE SONTAY,PEDRO RUBÉN CHÁN VICENTE,PARVULOS,OFICIAL,RURAL,ABIERTA,MONOLINGUE,MATUTINA,DIARIO(REGULAR),TOTONICAPÁN
08-08-0392-42,08-08-0420,TOTONICAPAN,SAN BARTOLO AGUAS CALIENTES,EODP ANEXA A EOUM MIGUEL ANGEL ASTURIAS,1RA. CALLE 2-28 ZONA 4,31516982,JOSÉ FELICIANO PÉREZ CHAMPET,EDNA FELISA IXCHOP PEREZ,PARVULOS,OFICIAL,URBANA,ABIERTA,MONOLINGUE,MATUTINA,DIARIO(REGULAR),TOTONICAPÁN
08-08-1696-42,08-08-0421,TOTONICAPAN,SAN BARTOLO AGUAS CALIENTES,CEIN -PAIN-,ALDEA BUENA VISTA,55442326,ERICA ELENA MARTÍNEZ CHUN DE SONTAY,YOLANDA MARIBEL TZUNÚN AJPOP,PARVULOS,OFICIAL,RURAL,ABIERTA,MONOLINGUE,MATUTINA,DIARIO(REGULAR),TOTONICAPÁN
08-08-1697-42,08-015,TOTONICAPAN,SAN BARTOLO AGUAS CALIENTES,CEIN -PAIN-,ALDEA XEABAJ,,PABLO MALAQUIAS BATEN XILOJ,,PARVULOS,OFICIAL,RURAL,CERRADA TEMPORALMENTE,MONOLINGUE,MATUTINA,DIARIO(REGULAR),TOTONICAPÁN
08-08-1960-42,08-015,TOTONICAPAN,SAN BARTOLO AGUAS CALIENTES,COLEGIO EVANGELICO BETHANIA,CENTRO DE SAN BARTOLO AGUAS CALIENTES,,PABLO MALAQUIAS BATEN XILOJ,,PARVULOS,PRIVADO,URBANA,CERRADA DEFINITIVAMENTE,MONOLINGUE,MATUTINA,DIARIO(REGULAR),TOTONICAPÁN
08-08-2205-42,26-038,TOTONICAPAN,SAN BARTOLO AGUAS CALIENTES,EDAC -PRONADE- ANEXA,PARAJE CHICORRAL ALDEA PATULUP,,PROYECTO FUNDAP,,PARVULOS,OFICIAL,RURAL,CERRADA DEFINITIVAMENTE,MONOLINGUE,MATUTINA,DIARIO(REGULAR),TOTONICAPÁN
08-08-2206-42,26-070,TOTONICAPAN,SAN BARTOLO AGUAS CALIENTES,EDAC -PRONADE- ANEXA,PARAJE RETALJOC ALDEA CHOCANULEU,,PROYECTO MOCASA,,PARVULOS,OFICIAL,RURAL,CERRADA DEFINITIVAMENTE,MONOLINGUE,MATUTINA,DIARIO(REGULAR),TOTONICAPÁN
